{
  "timestamp": "2026-07-20T15:54:21.457097",
  "level": "CAUTION_DOWN",
  "score": -2,
  "buy_score": 0,
  "sell_score": -2,
  "pillars": {
    "A_price_momentum": 0,
    "B_drawdown": 0,
    "C_credit_rotation": 1,
    "D_macro_stress": 1
  },
  "triggers_buy": [],
  "triggers_sell": [
    {
      "name": "XLP/XLY 20d > +2%",
      "weight": 1,
      "pillar": "C"
    },
    {
      "name": "SKEW > 145",
      "weight": 1,
      "pillar": "D"
    }
  ],
  "context_alerts": [
    {
      "id": "soxx_20d",
      "level": "high",
      "title": "\ubc18\ub3c4\uccb4 \uc57d\uc138",
      "desc": "SOXX 20\uc77c -16.6% (\uc704\ud5d8\uc790\uc0b0 \uc120\ud589)",
      "backtest": "\ub2e8\ub3c5 -15% \uc801\uc911\ub960 28%"
    }
  ],
  "indicators": {
    "SPX": 7487.9501953125,
    "SPX_5d_chg": -0.3644498985668321,
    "SPX_20d_chg": -0.16838541394064155,
    "SPX_pct_above_MA50": 0.2760738842766619,
    "SPX_pct_above_MA200": 7.104950860601145,
    "VIX": 17.90999984741211,
    "VIX_5d_chg": 4.37062940949331,
    "VIX3M": 19.93000030517578,
    "VIX_VIX3M_ratio": 0.8986452369878247,
    "VIX9D": 16.889999389648438,
    "VIX9D_VIX_ratio": 0.9430485501700853,
    "VVIX": 99.69999694824219,
    "SKEW": 147.27999877929688,
    "HYG": 79.7300033569336,
    "HYG_5d_chg": 0.2640929611828602,
    "XLP_XLY_ratio": 0.7367003788688272,
    "XLP_XLY_20d_chg": 3.615625359005059,
    "DXY": 101.02200317382812,
    "DXY_20d_chg": 0.17055498493752097,
    "TNX": 4.593999862670898,
    "TNX_5d_chg_bp": -1.5000343322753906,
    "KRE": 76.18499755859375,
    "KRE_5d_chg": 1.4177246712895997,
    "KRE_20d_chg": 6.22559434173815,
    "IWM_SPX_ratio": 0.03926308166206096,
    "IWM_SPX_20d_chg": -0.3701438584513106,
    "SOXX": 533.5499877929688,
    "SOXX_20d_chg": -16.561110703329817,
    "NDX": 28868.5546875,
    "RUT": 2957.253173828125
  },
  "backtest": {
    "PANIC_BUY": {
      "hit_rate_3m_up10": 55.6,
      "n": 293
    },
    "SHIFT_UP": {
      "hit_rate_3m_up10": 48.9,
      "n": 689
    },
    "CAUTION_UP": {
      "hit_rate_3m_up10": 31.1,
      "n": 753
    },
    "CAUTION_DOWN": {
      "hit_rate_3m_dn10": 31.8,
      "n": 877
    },
    "SHIFT_DOWN": {
      "hit_rate_3m_dn10": 42.8,
      "n": 334
    }
  }
}