{
  "timestamp": "2026-07-22T15:45:00.007796",
  "level": "NEUTRAL",
  "score": 0,
  "buy_score": 0,
  "sell_score": -1,
  "pillars": {
    "A_price_momentum": 0,
    "B_drawdown": 0,
    "C_credit_rotation": 0,
    "D_macro_stress": 1
  },
  "triggers_buy": [],
  "triggers_sell": [
    {
      "name": "SKEW > 145",
      "weight": 1,
      "pillar": "D"
    }
  ],
  "context_alerts": [],
  "indicators": {
    "SPX": 7514.93017578125,
    "SPX_5d_chg": -0.7589367611807285,
    "SPX_20d_chg": 2.029339859784196,
    "SPX_pct_above_MA50": 0.5718118475951384,
    "SPX_pct_above_MA200": 7.371614490274014,
    "VIX": 16.829999923706055,
    "VIX_5d_chg": 7.4026792709911415,
    "VIX3M": 19.579999923706055,
    "VIX_VIX3M_ratio": 0.8595505612504881,
    "VIX9D": 15.359999656677246,
    "VIX9D_VIX_ratio": 0.9126559552173125,
    "VVIX": 96.62999725341797,
    "SKEW": 151.66000366210938,
    "HYG": 79.52999877929688,
    "HYG_5d_chg": -0.35083171013921,
    "XLP_XLY_ratio": 0.7378518126446848,
    "XLP_XLY_20d_chg": 0.26041872766220386,
    "DXY": 101.12200164794922,
    "DXY_20d_chg": -0.28399763707706027,
    "TNX": 4.6529998779296875,
    "TNX_5d_chg_bp": 10.799980163574219,
    "KRE": 75.3499984741211,
    "KRE_5d_chg": -0.5674324519694518,
    "KRE_20d_chg": 3.049775223980422,
    "IWM_SPX_ratio": 0.03921792941876058,
    "IWM_SPX_20d_chg": -2.1881072325623308,
    "SOXX": 557.72998046875,
    "SOXX_20d_chg": -7.567250546280768,
    "NDX": 29123.560546875,
    "RUT": 2971.664794921875
  },
  "backtest": {
    "PANIC_BUY": {
      "hit_rate_3m_up10": 55.6,
      "n": 293
    },
    "SHIFT_UP": {
      "hit_rate_3m_up10": 48.9,
      "n": 689
    },
    "CAUTION_UP": {
      "hit_rate_3m_up10": 31.1,
      "n": 753
    },
    "CAUTION_DOWN": {
      "hit_rate_3m_dn10": 31.8,
      "n": 877
    },
    "SHIFT_DOWN": {
      "hit_rate_3m_dn10": 42.8,
      "n": 334
    }
  }
}