{
  "timestamp": "2026-06-03T16:03:30.547853",
  "level": "NEUTRAL",
  "score": 0,
  "buy_score": 0,
  "sell_score": 0,
  "pillars": {
    "A_price_momentum": 0,
    "B_drawdown": 0,
    "C_credit_rotation": 0,
    "D_macro_stress": 0
  },
  "triggers_buy": [],
  "triggers_sell": [],
  "context_alerts": [],
  "indicators": {
    "SPX": 7567.5400390625,
    "SPX_5d_chg": 0.6273659324683489,
    "SPX_20d_chg": 4.247285728958783,
    "SPX_pct_above_MA50": 6.288065825875155,
    "SPX_pct_above_MA200": 10.510667595472722,
    "VIX": 16.290000915527344,
    "VIX_5d_chg": 0.0,
    "VIX3M": 19.770000457763672,
    "VIX_VIX3M_ratio": 0.8239757480192808,
    "VIX9D": 14.0,
    "VIX9D_VIX_ratio": 0.859422910569357,
    "VVIX": 90.80999755859375,
    "SKEW": 143.24000549316406,
    "HYG": 79.68499755859375,
    "HYG_5d_chg": -0.5553471983992031,
    "XLP_XLY_ratio": 0.706973350060964,
    "XLP_XLY_20d_chg": -0.6990891621633244,
    "DXY": 99.46099853515625,
    "DXY_20d_chg": 0.9961364183418198,
    "TNX": 4.5,
    "TNX_5d_chg_bp": 1.9000053405761719,
    "KRE": 68.1050033569336,
    "KRE_5d_chg": -2.1198597805480057,
    "KRE_20d_chg": -2.595816446714161,
    "IWM_SPX_ratio": 0.038046050243374735,
    "IWM_SPX_20d_chg": -2.2562785220879955,
    "SOXX": 611.8699951171875,
    "SOXX_20d_chg": 26.75201068750559,
    "NDX": 30543.763671875,
    "RUT": 2894.89453125
  },
  "backtest": {
    "PANIC_BUY": {
      "hit_rate_3m_up10": 55.6,
      "n": 293
    },
    "SHIFT_UP": {
      "hit_rate_3m_up10": 48.9,
      "n": 689
    },
    "CAUTION_UP": {
      "hit_rate_3m_up10": 31.1,
      "n": 753
    },
    "CAUTION_DOWN": {
      "hit_rate_3m_dn10": 31.8,
      "n": 877
    },
    "SHIFT_DOWN": {
      "hit_rate_3m_dn10": 42.8,
      "n": 334
    }
  }
}