{
  "timestamp": "2026-06-17T16:56:55.193920",
  "level": "NEUTRAL",
  "score": 0,
  "buy_score": 0,
  "sell_score": 0,
  "pillars": {
    "A_price_momentum": 0,
    "B_drawdown": 0,
    "C_credit_rotation": 0,
    "D_macro_stress": 0
  },
  "triggers_buy": [],
  "triggers_sell": [],
  "context_alerts": [],
  "indicators": {
    "SPX": 7511.27001953125,
    "SPX_5d_chg": 3.361498739887314,
    "SPX_20d_chg": 2.1439831481575355,
    "SPX_pct_above_MA50": 2.8504304818438797,
    "SPX_pct_above_MA200": 8.89588730308082,
    "VIX": 16.8799991607666,
    "VIX_5d_chg": -24.032404669690898,
    "VIX3M": 19.780000686645508,
    "VIX_VIX3M_ratio": 0.8533871878054663,
    "VIX9D": 16.440000534057617,
    "VIX9D_VIX_ratio": 0.9739337293492495,
    "VVIX": 91.22000122070312,
    "SKEW": 142.66000366210938,
    "HYG": 80.04000091552734,
    "HYG_5d_chg": 0.7172513980982842,
    "XLP_XLY_ratio": 0.7183805333308242,
    "XLP_XLY_20d_chg": -4.0128756100954455,
    "DXY": 99.6989974975586,
    "DXY_20d_chg": 0.40180708312045343,
    "TNX": 4.427999973297119,
    "TNX_5d_chg_bp": -12.400007247924805,
    "KRE": 72.4800033569336,
    "KRE_5d_chg": 1.1725348610297948,
    "KRE_20d_chg": 7.282424476218785,
    "IWM_SPX_ratio": 0.03935286517050778,
    "IWM_SPX_20d_chg": 6.002057679935224,
    "SOXX": 610.8400268554688,
    "SOXX_20d_chg": 22.96977067766546,
    "NDX": 30078.7890625,
    "RUT": 2973.525634765625
  },
  "backtest": {
    "PANIC_BUY": {
      "hit_rate_3m_up10": 55.6,
      "n": 293
    },
    "SHIFT_UP": {
      "hit_rate_3m_up10": 48.9,
      "n": 689
    },
    "CAUTION_UP": {
      "hit_rate_3m_up10": 31.1,
      "n": 753
    },
    "CAUTION_DOWN": {
      "hit_rate_3m_dn10": 31.8,
      "n": 877
    },
    "SHIFT_DOWN": {
      "hit_rate_3m_dn10": 42.8,
      "n": 334
    }
  }
}