{
  "timestamp": "2026-05-21T20:25:19.800732",
  "level": "NEUTRAL",
  "score": 0,
  "buy_score": 0,
  "sell_score": 0,
  "pillars": {
    "A_price_momentum": 0,
    "B_drawdown": 0,
    "C_credit_rotation": 0,
    "D_macro_stress": 0
  },
  "triggers_buy": [],
  "triggers_sell": [],
  "context_alerts": [],
  "indicators": {
    "SPX": 7445.72021484375,
    "SPX_5d_chg": -0.7401445333909629,
    "SPX_20d_chg": 4.745376134350288,
    "SPX_pct_above_MA50": 6.7955225655518925,
    "SPX_pct_above_MA200": 9.463448209680436,
    "VIX": 16.739999771118164,
    "VIX_5d_chg": -3.012748846280633,
    "VIX3M": 19.989999771118164,
    "VIX_VIX3M_ratio": 0.8374187074931514,
    "VIX9D": 14.010000228881836,
    "VIX9D_VIX_ratio": 0.8369175878397294,
    "VVIX": 91.77999877929688,
    "SKEW": 132.30999755859375,
    "HYG": 79.9000015258789,
    "HYG_5d_chg": 0.06262123069922243,
    "XLP_XLY_ratio": 0.713226670924216,
    "XLP_XLY_20d_chg": 0.5933197582052019,
    "DXY": 99.19499969482422,
    "DXY_20d_chg": 0.39979416079520824,
    "TNX": 4.585999965667725,
    "TNX_5d_chg_bp": 12.5,
    "KRE": 69.20999908447266,
    "KRE_5d_chg": 2.1700638722478516,
    "KRE_20d_chg": -1.1285727364676368,
    "IWM_SPX_ratio": 0.03793991475414352,
    "IWM_SPX_20d_chg": -2.1152377006296685,
    "SOXX": 524.7100219726562,
    "SOXX_20d_chg": 18.98186439289258,
    "NDX": 29357.271484375,
    "RUT": 2843.45263671875
  },
  "backtest": {
    "PANIC_BUY": {
      "hit_rate_3m_up10": 55.6,
      "n": 293
    },
    "SHIFT_UP": {
      "hit_rate_3m_up10": 48.9,
      "n": 689
    },
    "CAUTION_UP": {
      "hit_rate_3m_up10": 31.1,
      "n": 753
    },
    "CAUTION_DOWN": {
      "hit_rate_3m_dn10": 31.8,
      "n": 877
    },
    "SHIFT_DOWN": {
      "hit_rate_3m_dn10": 42.8,
      "n": 334
    }
  }
}