{
  "timestamp": "2026-06-27T00:11:57.572694",
  "level": "CAUTION_DOWN",
  "score": -4,
  "buy_score": 0,
  "sell_score": -4,
  "pillars": {
    "A_price_momentum": 0,
    "B_drawdown": 0,
    "C_credit_rotation": 3,
    "D_macro_stress": 1
  },
  "triggers_buy": [],
  "triggers_sell": [
    {
      "name": "XLP/XLY 20d > +4% (defensive rotation)",
      "weight": 3,
      "pillar": "C"
    },
    {
      "name": "VIX 18-25 (elevated)",
      "weight": 1,
      "pillar": "D"
    }
  ],
  "context_alerts": [],
  "indicators": {
    "SPX": 7354.02001953125,
    "SPX_5d_chg": -1.9539829862117442,
    "SPX_20d_chg": -2.7712866246610623,
    "SPX_pct_above_MA50": -0.12778562481262634,
    "SPX_pct_above_MA200": 6.195648155942823,
    "VIX": 18.40999984741211,
    "VIX_5d_chg": 12.256099241677699,
    "VIX3M": 20.1299991607666,
    "VIX_VIX3M_ratio": 0.9145554205135401,
    "VIX9D": 16.799999237060547,
    "VIX9D_VIX_ratio": 0.9125474946390139,
    "VVIX": 89.0199966430664,
    "SKEW": 139.39999389648438,
    "HYG": 79.83000183105469,
    "HYG_5d_chg": -0.22497225393057763,
    "XLP_XLY_ratio": 0.7406662328422846,
    "XLP_XLY_20d_chg": 7.077719111319225,
    "DXY": 101.36599731445312,
    "DXY_20d_chg": 2.3692190980810324,
    "TNX": 4.372000217437744,
    "TNX_5d_chg_bp": -11.499977111816406,
    "KRE": 75.16999816894531,
    "KRE_5d_chg": 4.8103693384297985,
    "KRE_20d_chg": 8.080510238087557,
    "IWM_SPX_ratio": 0.04077089615964589,
    "IWM_SPX_20d_chg": 5.597359802476909,
    "SOXX": 589.9400024414062,
    "SOXX_20d_chg": 3.5945761482395477,
    "NDX": 29118.23828125,
    "RUT": 3010.08447265625
  },
  "backtest": {
    "PANIC_BUY": {
      "hit_rate_3m_up10": 55.6,
      "n": 293
    },
    "SHIFT_UP": {
      "hit_rate_3m_up10": 48.9,
      "n": 689
    },
    "CAUTION_UP": {
      "hit_rate_3m_up10": 31.1,
      "n": 753
    },
    "CAUTION_DOWN": {
      "hit_rate_3m_dn10": 31.8,
      "n": 877
    },
    "SHIFT_DOWN": {
      "hit_rate_3m_dn10": 42.8,
      "n": 334
    }
  }
}