{
  "timestamp": "2026-06-16T18:30:25.268501",
  "level": "NEUTRAL",
  "score": 0,
  "buy_score": 0,
  "sell_score": 0,
  "pillars": {
    "A_price_momentum": 0,
    "B_drawdown": 0,
    "C_credit_rotation": 0,
    "D_macro_stress": 0
  },
  "triggers_buy": [],
  "triggers_sell": [],
  "context_alerts": [],
  "indicators": {
    "SPX": 7531.259765625,
    "SPX_5d_chg": 1.9577191987312892,
    "SPX_20d_chg": 1.7318532810129073,
    "SPX_pct_above_MA50": 3.3717114343920773,
    "SPX_pct_above_MA200": 9.267361417908848,
    "VIX": 15.869999885559082,
    "VIX_5d_chg": -20.130854477752703,
    "VIX3M": 19.309999465942383,
    "VIX_VIX3M_ratio": 0.8218539784814324,
    "VIX9D": 14.949999809265137,
    "VIX9D_VIX_ratio": 0.9420289802817768,
    "VVIX": 86.4800033569336,
    "SKEW": 144.32000732421875,
    "HYG": 80.05000305175781,
    "HYG_5d_chg": 0.5400656748837385,
    "XLP_XLY_ratio": 0.7205881899085218,
    "XLP_XLY_20d_chg": -2.422797972825086,
    "DXY": 99.53800201416016,
    "DXY_20d_chg": 0.5739120808843756,
    "TNX": 4.425999641418457,
    "TNX_5d_chg_bp": -12.600040435791016,
    "KRE": 72.23999786376953,
    "KRE_5d_chg": 1.403705825359891,
    "KRE_20d_chg": 6.360423750422628,
    "IWM_SPX_ratio": 0.03897488705927508,
    "IWM_SPX_20d_chg": 4.55231682994901,
    "SOXX": 604.8619995117188,
    "SOXX_20d_chg": 21.97995552620067,
    "NDX": 30132.923828125,
    "RUT": 2957.61083984375
  },
  "backtest": {
    "PANIC_BUY": {
      "hit_rate_3m_up10": 55.6,
      "n": 293
    },
    "SHIFT_UP": {
      "hit_rate_3m_up10": 48.9,
      "n": 689
    },
    "CAUTION_UP": {
      "hit_rate_3m_up10": 31.1,
      "n": 753
    },
    "CAUTION_DOWN": {
      "hit_rate_3m_dn10": 31.8,
      "n": 877
    },
    "SHIFT_DOWN": {
      "hit_rate_3m_dn10": 42.8,
      "n": 334
    }
  }
}