{
  "timestamp": "2026-06-30T16:06:13.117139",
  "level": "NEUTRAL",
  "score": 0,
  "buy_score": 0,
  "sell_score": -1,
  "pillars": {
    "A_price_momentum": 0,
    "B_drawdown": 0,
    "C_credit_rotation": 1,
    "D_macro_stress": 0
  },
  "triggers_buy": [],
  "triggers_sell": [
    {
      "name": "XLP/XLY 20d > +2%",
      "weight": 1,
      "pillar": "C"
    }
  ],
  "context_alerts": [],
  "indicators": {
    "SPX": 7489.759765625,
    "SPX_5d_chg": 1.6876041054695978,
    "SPX_20d_chg": -1.4500102089867628,
    "SPX_pct_above_MA50": 1.5053267402129755,
    "SPX_pct_above_MA200": 8.014583111043061,
    "VIX": 16.850000381469727,
    "VIX_5d_chg": -13.545404928945148,
    "VIX3M": 19.200000762939453,
    "VIX_VIX3M_ratio": 0.8776041516620258,
    "VIX9D": 14.270000457763672,
    "VIX9D_VIX_ratio": 0.8468842809912734,
    "VVIX": 87.0199966430664,
    "SKEW": 144.4600067138672,
    "HYG": 80.01499938964844,
    "HYG_5d_chg": 0.1815408014025799,
    "XLP_XLY_ratio": 0.7125059050740146,
    "XLP_XLY_20d_chg": 2.658875915365422,
    "DXY": 101.1989974975586,
    "DXY_20d_chg": 2.0151215834808944,
    "TNX": 4.3979997634887695,
    "TNX_5d_chg_bp": -11.100006103515625,
    "KRE": 74.71499633789062,
    "KRE_5d_chg": 2.181336886483032,
    "KRE_20d_chg": 9.376370967958113,
    "IWM_SPX_ratio": 0.04001730504044976,
    "IWM_SPX_20d_chg": 5.242544290175566,
    "SOXX": 636.8699951171875,
    "SOXX_20d_chg": 11.354536966593365,
    "NDX": 30212.958984375,
    "RUT": 3017.7734375
  },
  "backtest": {
    "PANIC_BUY": {
      "hit_rate_3m_up10": 55.6,
      "n": 293
    },
    "SHIFT_UP": {
      "hit_rate_3m_up10": 48.9,
      "n": 689
    },
    "CAUTION_UP": {
      "hit_rate_3m_up10": 31.1,
      "n": 753
    },
    "CAUTION_DOWN": {
      "hit_rate_3m_dn10": 31.8,
      "n": 877
    },
    "SHIFT_DOWN": {
      "hit_rate_3m_dn10": 42.8,
      "n": 334
    }
  }
}