{
  "timestamp": "2026-07-09T00:14:18.280168",
  "level": "NEUTRAL",
  "score": 0,
  "buy_score": 0,
  "sell_score": -1,
  "pillars": {
    "A_price_momentum": 0,
    "B_drawdown": 0,
    "C_credit_rotation": 0,
    "D_macro_stress": 1
  },
  "triggers_buy": [],
  "triggers_sell": [
    {
      "name": "SKEW > 145",
      "weight": 1,
      "pillar": "D"
    }
  ],
  "context_alerts": [],
  "indicators": {
    "SPX": 7482.7099609375,
    "SPX_5d_chg": -0.22201764746978547,
    "SPX_20d_chg": 1.0394651259466814,
    "SPX_pct_above_MA50": 0.8859774320858715,
    "SPX_pct_above_MA200": 7.566865497258379,
    "VIX": 16.899999618530273,
    "VIX_5d_chg": 2.735555226262565,
    "VIX3M": 19.459999084472656,
    "VIX_VIX3M_ratio": 0.8684481199187191,
    "VIX9D": 14.40999984741211,
    "VIX9D_VIX_ratio": 0.8526627321110727,
    "VVIX": 91.37999725341797,
    "SKEW": 149.7899932861328,
    "HYG": 79.66000366210938,
    "HYG_5d_chg": -0.38764230819280376,
    "XLP_XLY_ratio": 0.7319167142759401,
    "XLP_XLY_20d_chg": 1.6683153049732669,
    "DXY": 101.00399780273438,
    "DXY_20d_chg": 0.9535179628960666,
    "TNX": 4.568999767303467,
    "TNX_5d_chg_bp": 19.499969482421875,
    "KRE": 73.33999633789062,
    "KRE_5d_chg": -2.017370964613374,
    "KRE_20d_chg": 4.235354891541365,
    "IWM_SPX_ratio": 0.039221086012741616,
    "IWM_SPX_20d_chg": 2.235326995523601,
    "SOXX": 562.030029296875,
    "SOXX_20d_chg": -1.6484351577445544,
    "NDX": 29252.5625,
    "RUT": 2956.388671875
  },
  "backtest": {
    "PANIC_BUY": {
      "hit_rate_3m_up10": 55.6,
      "n": 293
    },
    "SHIFT_UP": {
      "hit_rate_3m_up10": 48.9,
      "n": 689
    },
    "CAUTION_UP": {
      "hit_rate_3m_up10": 31.1,
      "n": 753
    },
    "CAUTION_DOWN": {
      "hit_rate_3m_dn10": 31.8,
      "n": 877
    },
    "SHIFT_DOWN": {
      "hit_rate_3m_dn10": 42.8,
      "n": 334
    }
  }
}