{
  "timestamp": "2026-06-10T17:25:04.336742",
  "level": "CAUTION_UP",
  "score": 2,
  "buy_score": 2,
  "sell_score": -4,
  "pillars": {
    "A_price_momentum": 0,
    "B_drawdown": 0,
    "C_credit_rotation": 3,
    "D_macro_stress": 1
  },
  "triggers_buy": [
    {
      "name": "SPX 5d -3~-5%",
      "weight": 2
    }
  ],
  "triggers_sell": [
    {
      "name": "XLP/XLY 20d > +4% (defensive rotation)",
      "weight": 3,
      "pillar": "C"
    },
    {
      "name": "VIX 18-25 (elevated)",
      "weight": 1,
      "pillar": "D"
    }
  ],
  "context_alerts": [
    {
      "id": "vix9d_bw",
      "level": "medium",
      "title": "\ub2e8\uae30 \ubc31\uc6cc\ub370\uc774\uc158",
      "desc": "VIX9D/VIX = 1.14 (\ub2e8\uae30 \ud328\ub2c9 \uc784\ubc15)",
      "backtest": "\ub2e8\ub3c5 \ud6a8\uacfc \uc57d\ud568 (\ucc38\uace0\uc6a9)"
    }
  ],
  "indicators": {
    "SPX": 7306.669921875,
    "SPX_5d_chg": -3.2700650299998024,
    "SPX_20d_chg": -1.2740244449391147,
    "SPX_pct_above_MA50": 1.2825540326553142,
    "SPX_pct_above_MA200": 6.316092335126111,
    "VIX": 21.799999237060547,
    "VIX_5d_chg": 35.74097112076926,
    "VIX3M": 22.68000030517578,
    "VIX_VIX3M_ratio": 0.961199247959692,
    "VIX9D": 24.940000534057617,
    "VIX9D_VIX_ratio": 1.1440367617838716,
    "VVIX": 106.61000061035156,
    "SKEW": 141.97000122070312,
    "HYG": 79.48999786376953,
    "HYG_5d_chg": -0.23845687836161478,
    "XLP_XLY_ratio": 0.7489574511465559,
    "XLP_XLY_20d_chg": 4.919676717552779,
    "DXY": 99.9209976196289,
    "DXY_20d_chg": 1.6593719492415948,
    "TNX": 4.539999961853027,
    "TNX_5d_chg_bp": 4.8999786376953125,
    "KRE": 71.94000244140625,
    "KRE_5d_chg": 5.981151078764735,
    "KRE_20d_chg": 5.437489230455461,
    "IWM_SPX_ratio": 0.038864490151736895,
    "IWM_SPX_20d_chg": 1.792309183481322,
    "SOXX": 544.1199951171875,
    "SOXX_20d_chg": 5.451657089323603,
    "NDX": 28633.8828125,
    "RUT": 2856.57177734375
  },
  "backtest": {
    "PANIC_BUY": {
      "hit_rate_3m_up10": 55.6,
      "n": 293
    },
    "SHIFT_UP": {
      "hit_rate_3m_up10": 48.9,
      "n": 689
    },
    "CAUTION_UP": {
      "hit_rate_3m_up10": 31.1,
      "n": 753
    },
    "CAUTION_DOWN": {
      "hit_rate_3m_dn10": 31.8,
      "n": 877
    },
    "SHIFT_DOWN": {
      "hit_rate_3m_dn10": 42.8,
      "n": 334
    }
  }
}