{
  "timestamp": "2026-06-23T16:09:52.059172",
  "level": "CAUTION_DOWN",
  "score": -2,
  "buy_score": 0,
  "sell_score": -2,
  "pillars": {
    "A_price_momentum": 0,
    "B_drawdown": 0,
    "C_credit_rotation": 1,
    "D_macro_stress": 1
  },
  "triggers_buy": [],
  "triggers_sell": [
    {
      "name": "XLP/XLY 20d > +2%",
      "weight": 1,
      "pillar": "C"
    },
    {
      "name": "VIX 18-25 (elevated)",
      "weight": 1,
      "pillar": "D"
    }
  ],
  "context_alerts": [],
  "indicators": {
    "SPX": 7399.27978515625,
    "SPX_5d_chg": -2.051949992715496,
    "SPX_20d_chg": -0.9927172726284961,
    "SPX_pct_above_MA50": 0.8042945042512795,
    "SPX_pct_above_MA200": 7.0460516338759716,
    "VIX": 19.469999313354492,
    "VIX_5d_chg": 20.18517528650847,
    "VIX3M": 21.100000381469727,
    "VIX_VIX3M_ratio": 0.9227487659409371,
    "VIX9D": 19.489999771118164,
    "VIX9D_VIX_ratio": 1.0010272449136632,
    "VVIX": 100.52999877929688,
    "SKEW": 141.85000610351562,
    "HYG": 79.94999694824219,
    "HYG_5d_chg": -0.11244873345284123,
    "XLP_XLY_ratio": 0.7318129980220213,
    "XLP_XLY_20d_chg": 2.8507903170272186,
    "DXY": 101.36900329589844,
    "DXY_20d_chg": 2.063032226510364,
    "TNX": 4.479000091552734,
    "TNX_5d_chg_bp": -0.7999897003173828,
    "KRE": 72.77999877929688,
    "KRE_5d_chg": 0.7614500855626538,
    "KRE_20d_chg": 4.915663684160454,
    "IWM_SPX_ratio": 0.040199860100404355,
    "IWM_SPX_20d_chg": 5.370532493793179,
    "SOXX": 610.3800048828125,
    "SOXX_20d_chg": 13.594994783392966,
    "NDX": 29568.041015625,
    "RUT": 2983.480224609375
  },
  "backtest": {
    "PANIC_BUY": {
      "hit_rate_3m_up10": 55.6,
      "n": 293
    },
    "SHIFT_UP": {
      "hit_rate_3m_up10": 48.9,
      "n": 689
    },
    "CAUTION_UP": {
      "hit_rate_3m_up10": 31.1,
      "n": 753
    },
    "CAUTION_DOWN": {
      "hit_rate_3m_dn10": 31.8,
      "n": 877
    },
    "SHIFT_DOWN": {
      "hit_rate_3m_dn10": 42.8,
      "n": 334
    }
  }
}