{
  "timestamp": "2026-06-25T00:16:12.088089",
  "level": "CAUTION_DOWN",
  "score": -4,
  "buy_score": 0,
  "sell_score": -4,
  "pillars": {
    "A_price_momentum": 0,
    "B_drawdown": 0,
    "C_credit_rotation": 3,
    "D_macro_stress": 1
  },
  "triggers_buy": [],
  "triggers_sell": [
    {
      "name": "XLP/XLY 20d > +4% (defensive rotation)",
      "weight": 3,
      "pillar": "C"
    },
    {
      "name": "VIX 18-25 (elevated)",
      "weight": 1,
      "pillar": "D"
    },
    {
      "name": "SKEW > 145",
      "weight": 1,
      "pillar": "D"
    }
  ],
  "context_alerts": [],
  "indicators": {
    "SPX": 7358.22021484375,
    "SPX_5d_chg": -2.0386465924452257,
    "SPX_20d_chg": -2.1398767387151962,
    "SPX_pct_above_MA50": 0.12538287159580275,
    "SPX_pct_above_MA200": 6.3871731643432295,
    "VIX": 18.6299991607666,
    "VIX_5d_chg": 13.528332321737292,
    "VIX3M": 20.3700008392334,
    "VIX_VIX3M_ratio": 0.9145801862160218,
    "VIX9D": 18.06999969482422,
    "VIX9D_VIX_ratio": 0.9699409827606594,
    "VVIX": 95.58000183105469,
    "SKEW": 145.3000030517578,
    "HYG": 79.8499984741211,
    "HYG_5d_chg": -0.2249160413861584,
    "XLP_XLY_ratio": 0.7338142232149872,
    "XLP_XLY_20d_chg": 4.811801509445224,
    "DXY": 101.59700012207031,
    "DXY_20d_chg": 2.447314710029924,
    "TNX": 4.4019999504089355,
    "TNX_5d_chg_bp": -8.500003814697266,
    "KRE": 73.97000122070312,
    "KRE_5d_chg": 2.041665609805876,
    "KRE_20d_chg": 5.2204808102829015,
    "IWM_SPX_ratio": 0.04032089197913553,
    "IWM_SPX_20d_chg": 4.36047634567116,
    "SOXX": 601.5,
    "SOXX_20d_chg": 5.50965139975943,
    "NDX": 29220.056640625,
    "RUT": 2986.62890625
  },
  "backtest": {
    "PANIC_BUY": {
      "hit_rate_3m_up10": 55.6,
      "n": 293
    },
    "SHIFT_UP": {
      "hit_rate_3m_up10": 48.9,
      "n": 689
    },
    "CAUTION_UP": {
      "hit_rate_3m_up10": 31.1,
      "n": 753
    },
    "CAUTION_DOWN": {
      "hit_rate_3m_dn10": 31.8,
      "n": 877
    },
    "SHIFT_DOWN": {
      "hit_rate_3m_dn10": 42.8,
      "n": 334
    }
  }
}