{
  "timestamp": "2026-07-15T15:08:00.076794",
  "level": "NEUTRAL",
  "score": 0,
  "buy_score": 0,
  "sell_score": -1,
  "pillars": {
    "A_price_momentum": 0,
    "B_drawdown": 0,
    "C_credit_rotation": 0,
    "D_macro_stress": 1
  },
  "triggers_buy": [],
  "triggers_sell": [
    {
      "name": "SKEW > 145",
      "weight": 1,
      "pillar": "D"
    }
  ],
  "context_alerts": [],
  "indicators": {
    "SPX": 7562.14990234375,
    "SPX_5d_chg": 0.7769318940114456,
    "SPX_20d_chg": 1.7586038556784978,
    "SPX_pct_above_MA50": 1.5357052820765826,
    "SPX_pct_above_MA200": 8.432670364165528,
    "VIX": 16.170000076293945,
    "VIX_5d_chg": 0.2479908097245298,
    "VIX3M": 19.190000534057617,
    "VIX_VIX3M_ratio": 0.8426263484253739,
    "VIX9D": 13.0,
    "VIX9D_VIX_ratio": 0.8039579430218229,
    "VVIX": 94.7699966430664,
    "SKEW": 145.69000244140625,
    "HYG": 79.83499908447266,
    "HYG_5d_chg": 0.09402826759470351,
    "XLP_XLY_ratio": 0.713981932649279,
    "XLP_XLY_20d_chg": -2.994299052092897,
    "DXY": 100.73699951171875,
    "DXY_20d_chg": 0.9894731947055035,
    "TNX": 4.552999973297119,
    "TNX_5d_chg_bp": 2.4000167846679688,
    "KRE": 76.04499816894531,
    "KRE_5d_chg": 1.2987857707268846,
    "KRE_20d_chg": 3.5894215711584243,
    "IWM_SPX_ratio": 0.03926000125393202,
    "IWM_SPX_20d_chg": -0.4065146859382418,
    "SOXX": 551.7100219726562,
    "SOXX_20d_chg": -7.470017279219077,
    "NDX": 29427.609375,
    "RUT": 2980.092529296875
  },
  "backtest": {
    "PANIC_BUY": {
      "hit_rate_3m_up10": 55.6,
      "n": 293
    },
    "SHIFT_UP": {
      "hit_rate_3m_up10": 48.9,
      "n": 689
    },
    "CAUTION_UP": {
      "hit_rate_3m_up10": 31.1,
      "n": 753
    },
    "CAUTION_DOWN": {
      "hit_rate_3m_dn10": 31.8,
      "n": 877
    },
    "SHIFT_DOWN": {
      "hit_rate_3m_dn10": 42.8,
      "n": 334
    }
  }
}