{
  "timestamp": "2026-06-29T23:31:11.144264",
  "level": "NEUTRAL",
  "score": 0,
  "buy_score": 0,
  "sell_score": -3,
  "pillars": {
    "A_price_momentum": 0,
    "B_drawdown": 0,
    "C_credit_rotation": 3,
    "D_macro_stress": 0
  },
  "triggers_buy": [],
  "triggers_sell": [
    {
      "name": "XLP/XLY 20d > +4% (defensive rotation)",
      "weight": 3,
      "pillar": "C"
    }
  ],
  "context_alerts": [],
  "indicators": {
    "SPX": 7440.43017578125,
    "SPX_5d_chg": -0.43303589572428747,
    "SPX_20d_chg": -1.842068291453669,
    "SPX_pct_above_MA50": 0.9362892767249997,
    "SPX_pct_above_MA200": 7.3730292890400895,
    "VIX": 17.649999618530273,
    "VIX_5d_chg": 2.141197437397735,
    "VIX3M": 19.530000686645508,
    "VIX_VIX3M_ratio": 0.9037377879151449,
    "VIX9D": 15.510000228881836,
    "VIX9D_VIX_ratio": 0.8787535730368113,
    "VVIX": 88.70999908447266,
    "SKEW": 144.4600067138672,
    "HYG": 80.01000213623047,
    "HYG_5d_chg": 0.08756528982536427,
    "XLP_XLY_ratio": 0.7203722743171148,
    "XLP_XLY_20d_chg": 5.01917130545686,
    "DXY": 101.11100006103516,
    "DXY_20d_chg": 2.2252515594324507,
    "TNX": 4.374000072479248,
    "TNX_5d_chg_bp": -13.499975204467773,
    "KRE": 74.75,
    "KRE_5d_chg": 3.8338688958615696,
    "KRE_20d_chg": 7.383995610659544,
    "IWM_SPX_ratio": 0.04018181666348493,
    "IWM_SPX_20d_chg": 4.872289795714901,
    "SOXX": 614.3499755859375,
    "SOXX_20d_chg": 7.954937291173025,
    "NDX": 29774.751953125,
    "RUT": 3010.416748046875
  },
  "backtest": {
    "PANIC_BUY": {
      "hit_rate_3m_up10": 55.6,
      "n": 293
    },
    "SHIFT_UP": {
      "hit_rate_3m_up10": 48.9,
      "n": 689
    },
    "CAUTION_UP": {
      "hit_rate_3m_up10": 31.1,
      "n": 753
    },
    "CAUTION_DOWN": {
      "hit_rate_3m_dn10": 31.8,
      "n": 877
    },
    "SHIFT_DOWN": {
      "hit_rate_3m_dn10": 42.8,
      "n": 334
    }
  }
}