{
  "timestamp": "2026-06-23T23:34:14.130892",
  "level": "CAUTION_DOWN",
  "score": -2,
  "buy_score": 0,
  "sell_score": -2,
  "pillars": {
    "A_price_momentum": 0,
    "B_drawdown": 0,
    "C_credit_rotation": 1,
    "D_macro_stress": 1
  },
  "triggers_buy": [],
  "triggers_sell": [
    {
      "name": "XLP/XLY 20d > +2%",
      "weight": 1,
      "pillar": "C"
    },
    {
      "name": "VIX 18-25 (elevated)",
      "weight": 1,
      "pillar": "D"
    }
  ],
  "context_alerts": [],
  "indicators": {
    "SPX": 7365.4599609375,
    "SPX_5d_chg": -2.4996402990695055,
    "SPX_20d_chg": -1.4452490048293853,
    "SPX_pct_above_MA50": 0.3527966020844042,
    "SPX_pct_above_MA200": 6.5593840093254085,
    "VIX": 19.489999771118164,
    "VIX_5d_chg": 20.308634896519283,
    "VIX3M": 21.059999465942383,
    "VIX_VIX3M_ratio": 0.9254511047180616,
    "VIX9D": 19.469999313354492,
    "VIX9D_VIX_ratio": 0.9989738092355799,
    "VVIX": 99.5,
    "SKEW": 143.13999938964844,
    "HYG": 79.87000274658203,
    "HYG_5d_chg": -0.2123915129945142,
    "XLP_XLY_ratio": 0.7359352993018259,
    "XLP_XLY_20d_chg": 3.4301486308297324,
    "DXY": 101.38999938964844,
    "DXY_20d_chg": 2.08417207126923,
    "TNX": 4.493000030517578,
    "TNX_5d_chg_bp": 0.6000041961669922,
    "KRE": 73.12000274658203,
    "KRE_5d_chg": 1.2321740942616177,
    "KRE_20d_chg": 5.405794798220276,
    "IWM_SPX_ratio": 0.04009525662897358,
    "IWM_SPX_20d_chg": 5.096349363358632,
    "SOXX": 603.3900146484375,
    "SOXX_20d_chg": 12.294120085896543,
    "NDX": 29347.2734375,
    "RUT": 2975.48095703125
  },
  "backtest": {
    "PANIC_BUY": {
      "hit_rate_3m_up10": 55.6,
      "n": 293
    },
    "SHIFT_UP": {
      "hit_rate_3m_up10": 48.9,
      "n": 689
    },
    "CAUTION_UP": {
      "hit_rate_3m_up10": 31.1,
      "n": 753
    },
    "CAUTION_DOWN": {
      "hit_rate_3m_dn10": 31.8,
      "n": 877
    },
    "SHIFT_DOWN": {
      "hit_rate_3m_dn10": 42.8,
      "n": 334
    }
  }
}