{
  "timestamp": "2026-07-21T15:46:38.256070",
  "level": "CAUTION_DOWN",
  "score": -2,
  "buy_score": 0,
  "sell_score": -2,
  "pillars": {
    "A_price_momentum": 0,
    "B_drawdown": 0,
    "C_credit_rotation": 1,
    "D_macro_stress": 1
  },
  "triggers_buy": [],
  "triggers_sell": [
    {
      "name": "XLP/XLY 20d > +2%",
      "weight": 1,
      "pillar": "C"
    },
    {
      "name": "SKEW > 145",
      "weight": 1,
      "pillar": "D"
    }
  ],
  "context_alerts": [
    {
      "id": "soxx_20d",
      "level": "high",
      "title": "\ubc18\ub3c4\uccb4 \uc57d\uc138",
      "desc": "SOXX 20\uc77c -16.1% (\uc704\ud5d8\uc790\uc0b0 \uc120\ud589)",
      "backtest": "\ub2e8\ub3c5 -15% \uc801\uc911\ub960 28%"
    }
  ],
  "indicators": {
    "SPX": 7501.72998046875,
    "SPX_5d_chg": -0.5549064059458542,
    "SPX_20d_chg": 0.38727090223293903,
    "SPX_pct_above_MA50": 0.42834394209976256,
    "SPX_pct_above_MA200": 7.2448448530391785,
    "VIX": 17.1299991607666,
    "VIX_5d_chg": 3.8181767319187987,
    "VIX3M": 19.549999237060547,
    "VIX_VIX3M_ratio": 0.8762148250263663,
    "VIX9D": 15.729999542236328,
    "VIX9D_VIX_ratio": 0.9182720556264393,
    "VVIX": 96.94999694824219,
    "SKEW": 146.0500030517578,
    "HYG": 79.63500213623047,
    "HYG_5d_chg": -0.05647360538776347,
    "XLP_XLY_ratio": 0.7319982656662162,
    "XLP_XLY_20d_chg": 2.3799977249222115,
    "DXY": 101.10299682617188,
    "DXY_20d_chg": 0.08216213211600376,
    "TNX": 4.618000030517578,
    "TNX_5d_chg_bp": 3.299999237060547,
    "KRE": 75.46499633789062,
    "KRE_5d_chg": 0.6199951171875107,
    "KRE_20d_chg": 4.827057337460983,
    "IWM_SPX_ratio": 0.039358255449280156,
    "IWM_SPX_20d_chg": -1.36293966709633,
    "SOXX": 549.6300048828125,
    "SOXX_20d_chg": -16.08830450095251,
    "NDX": 29095.6171875,
    "RUT": 2974.252685546875
  },
  "backtest": {
    "PANIC_BUY": {
      "hit_rate_3m_up10": 55.6,
      "n": 293
    },
    "SHIFT_UP": {
      "hit_rate_3m_up10": 48.9,
      "n": 689
    },
    "CAUTION_UP": {
      "hit_rate_3m_up10": 31.1,
      "n": 753
    },
    "CAUTION_DOWN": {
      "hit_rate_3m_dn10": 31.8,
      "n": 877
    },
    "SHIFT_DOWN": {
      "hit_rate_3m_dn10": 42.8,
      "n": 334
    }
  }
}