{
  "timestamp": "2026-06-15T18:43:04.163797",
  "level": "NEUTRAL",
  "score": 0,
  "buy_score": 0,
  "sell_score": 0,
  "pillars": {
    "A_price_momentum": 0,
    "B_drawdown": 0,
    "C_credit_rotation": 0,
    "D_macro_stress": 0
  },
  "triggers_buy": [],
  "triggers_sell": [],
  "context_alerts": [],
  "indicators": {
    "SPX": 7563.7001953125,
    "SPX_5d_chg": 2.1330809421943098,
    "SPX_20d_chg": 2.0948936399068696,
    "SPX_pct_above_MA50": 4.076976275394584,
    "SPX_pct_above_MA200": 9.819281940383684,
    "VIX": 16.209999084472656,
    "VIX_5d_chg": -14.323472414869698,
    "VIX3M": 19.489999771118164,
    "VIX_VIX3M_ratio": 0.8317085312896682,
    "VIX9D": 15.279999732971191,
    "VIX9D_VIX_ratio": 0.942628044168596,
    "VVIX": 89.51000213623047,
    "SKEW": 142.60000610351562,
    "HYG": 80.08000183105469,
    "HYG_5d_chg": 0.6789048394666652,
    "XLP_XLY_ratio": 0.7214132013724349,
    "XLP_XLY_20d_chg": -0.6778354424469835,
    "DXY": 99.61299896240234,
    "DXY_20d_chg": 0.3455246609599838,
    "TNX": 4.468999862670898,
    "TNX_5d_chg_bp": -8.300018310546875,
    "KRE": 72.58499908447266,
    "KRE_5d_chg": 3.162305933513232,
    "KRE_20d_chg": 8.384347859372166,
    "IWM_SPX_ratio": 0.03898290563778037,
    "IWM_SPX_20d_chg": 4.036329275080064,
    "SOXX": 628.9000244140625,
    "SOXX_20d_chg": 23.672626052297453,
    "NDX": 30551.318359375,
    "RUT": 2973.527099609375
  },
  "backtest": {
    "PANIC_BUY": {
      "hit_rate_3m_up10": 55.6,
      "n": 293
    },
    "SHIFT_UP": {
      "hit_rate_3m_up10": 48.9,
      "n": 689
    },
    "CAUTION_UP": {
      "hit_rate_3m_up10": 31.1,
      "n": 753
    },
    "CAUTION_DOWN": {
      "hit_rate_3m_dn10": 31.8,
      "n": 877
    },
    "SHIFT_DOWN": {
      "hit_rate_3m_dn10": 42.8,
      "n": 334
    }
  }
}