{
  "timestamp": "2026-07-09T16:30:07.646864",
  "level": "NEUTRAL",
  "score": 0,
  "buy_score": 0,
  "sell_score": -1,
  "pillars": {
    "A_price_momentum": 0,
    "B_drawdown": 0,
    "C_credit_rotation": 0,
    "D_macro_stress": 1
  },
  "triggers_buy": [],
  "triggers_sell": [
    {
      "name": "SKEW > 145",
      "weight": 1,
      "pillar": "D"
    }
  ],
  "context_alerts": [],
  "indicators": {
    "SPX": 7533.56982421875,
    "SPX_5d_chg": 0.6727020802699712,
    "SPX_20d_chg": 1.988992626121111,
    "SPX_pct_above_MA50": 1.4732864647959643,
    "SPX_pct_above_MA200": 8.230377630289066,
    "VIX": 16.049999237060547,
    "VIX_5d_chg": -3.254978363837502,
    "VIX3M": 19.010000228881836,
    "VIX_VIX3M_ratio": 0.8442924273444159,
    "VIX9D": 13.020000457763672,
    "VIX9D_VIX_ratio": 0.8112150203533717,
    "VVIX": 89.48999786376953,
    "SKEW": 149.7899932861328,
    "HYG": 79.80500030517578,
    "HYG_5d_chg": 0.2701394360823617,
    "XLP_XLY_ratio": 0.7197553441576825,
    "XLP_XLY_20d_chg": -0.834654913720756,
    "DXY": 100.87999725341797,
    "DXY_20d_chg": 0.9708673363570952,
    "TNX": 4.545000076293945,
    "TNX_5d_chg_bp": 12.69998550415039,
    "KRE": 74.74500274658203,
    "KRE_5d_chg": -1.883693295937483,
    "KRE_20d_chg": 4.919995771918795,
    "IWM_SPX_ratio": 0.03944876192505797,
    "IWM_SPX_20d_chg": 2.2364060954804144,
    "SOXX": 589.4500122070312,
    "SOXX_20d_chg": 4.858219811246389,
    "NDX": 29673.365234375,
    "RUT": 2992.35205078125
  },
  "backtest": {
    "PANIC_BUY": {
      "hit_rate_3m_up10": 55.6,
      "n": 293
    },
    "SHIFT_UP": {
      "hit_rate_3m_up10": 48.9,
      "n": 689
    },
    "CAUTION_UP": {
      "hit_rate_3m_up10": 31.1,
      "n": 753
    },
    "CAUTION_DOWN": {
      "hit_rate_3m_dn10": 31.8,
      "n": 877
    },
    "SHIFT_DOWN": {
      "hit_rate_3m_dn10": 42.8,
      "n": 334
    }
  }
}