{
  "timestamp": "2026-07-17T23:12:53.596061",
  "level": "NEUTRAL",
  "score": 0,
  "buy_score": 0,
  "sell_score": -1,
  "pillars": {
    "A_price_momentum": 0,
    "B_drawdown": 0,
    "C_credit_rotation": 0,
    "D_macro_stress": 1
  },
  "triggers_buy": [],
  "triggers_sell": [
    {
      "name": "VIX 18-25 (elevated)",
      "weight": 1,
      "pillar": "D"
    },
    {
      "name": "SKEW > 145",
      "weight": 1,
      "pillar": "D"
    }
  ],
  "context_alerts": [
    {
      "id": "soxx_20d",
      "level": "high",
      "title": "\ubc18\ub3c4\uccb4 \uc57d\uc138",
      "desc": "SOXX 20\uc77c -13.0% (\uc704\ud5d8\uc790\uc0b0 \uc120\ud589)",
      "backtest": "\ub2e8\ub3c5 -15% \uc801\uc911\ub960 28%"
    }
  ],
  "indicators": {
    "SPX": 7457.68994140625,
    "SPX_5d_chg": -1.5537179364795262,
    "SPX_20d_chg": 0.5065948336987258,
    "SPX_pct_above_MA50": -0.09629481944399831,
    "SPX_pct_above_MA200": 6.733147046563004,
    "VIX": 18.770000457763672,
    "VIX_5d_chg": 24.883571465327915,
    "VIX3M": 20.540000915527344,
    "VIX_VIX3M_ratio": 0.9138266612040106,
    "VIX9D": 16.850000381469727,
    "VIX9D_VIX_ratio": 0.897709108712366,
    "VVIX": 104.87000274658203,
    "SKEW": 147.27999877929688,
    "HYG": 79.6500015258789,
    "HYG_5d_chg": -0.07526980213632406,
    "XLP_XLY_ratio": 0.7379591185009376,
    "XLP_XLY_20d_chg": 1.84858593260675,
    "DXY": 100.75499725341797,
    "DXY_20d_chg": 0.6644029771790461,
    "TNX": 4.540999889373779,
    "TNX_5d_chg_bp": -2.79998779296875,
    "KRE": 76.69000244140625,
    "KRE_5d_chg": 2.2260808758569617,
    "KRE_20d_chg": 7.786367950410122,
    "IWM_SPX_ratio": 0.03942775991696386,
    "IWM_SPX_20d_chg": 0.9238030503348371,
    "SOXX": 521.8099975585938,
    "SOXX_20d_chg": -12.992510871184704,
    "NDX": 28592.658203125,
    "RUT": 2962.21728515625
  },
  "backtest": {
    "PANIC_BUY": {
      "hit_rate_3m_up10": 55.6,
      "n": 293
    },
    "SHIFT_UP": {
      "hit_rate_3m_up10": 48.9,
      "n": 689
    },
    "CAUTION_UP": {
      "hit_rate_3m_up10": 31.1,
      "n": 753
    },
    "CAUTION_DOWN": {
      "hit_rate_3m_dn10": 31.8,
      "n": 877
    },
    "SHIFT_DOWN": {
      "hit_rate_3m_dn10": 42.8,
      "n": 334
    }
  }
}