{
  "timestamp": "2026-06-18T17:17:38.798480",
  "level": "NEUTRAL",
  "score": 0,
  "buy_score": 0,
  "sell_score": 0,
  "pillars": {
    "A_price_momentum": 0,
    "B_drawdown": 0,
    "C_credit_rotation": 0,
    "D_macro_stress": 0
  },
  "triggers_buy": [],
  "triggers_sell": [],
  "context_alerts": [],
  "indicators": {
    "SPX": 7510.0498046875,
    "SPX_5d_chg": 1.565395007741266,
    "SPX_20d_chg": 1.0369958121158707,
    "SPX_pct_above_MA50": 2.654905951147457,
    "SPX_pct_above_MA200": 8.799067003935313,
    "VIX": 16.719999313354492,
    "VIX_5d_chg": -13.991775442278719,
    "VIX3M": 19.65999984741211,
    "VIX_VIX3M_ratio": 0.8504577539737562,
    "VIX9D": 14.59000015258789,
    "VIX9D_VIX_ratio": 0.8726077004641177,
    "VVIX": 89.37000274658203,
    "SKEW": 142.6199951171875,
    "HYG": 79.9800033569336,
    "HYG_5d_chg": 0.050038671886043495,
    "XLP_XLY_ratio": 0.7100468183052987,
    "XLP_XLY_20d_chg": -2.07796214731355,
    "DXY": 100.75499725341797,
    "DXY_20d_chg": 1.6597685732377965,
    "TNX": 4.442999839782715,
    "TNX_5d_chg_bp": -10.900020599365234,
    "KRE": 71.69000244140625,
    "KRE_5d_chg": -0.912226740337696,
    "KRE_20d_chg": 3.6432041913690982,
    "IWM_SPX_ratio": 0.03924940876749657,
    "IWM_SPX_20d_chg": 4.241144606041658,
    "SOXX": 639.5982055664062,
    "SOXX_20d_chg": 22.926372464019206,
    "NDX": 30408.041015625,
    "RUT": 2960.479248046875
  },
  "backtest": {
    "PANIC_BUY": {
      "hit_rate_3m_up10": 55.6,
      "n": 293
    },
    "SHIFT_UP": {
      "hit_rate_3m_up10": 48.9,
      "n": 689
    },
    "CAUTION_UP": {
      "hit_rate_3m_up10": 31.1,
      "n": 753
    },
    "CAUTION_DOWN": {
      "hit_rate_3m_dn10": 31.8,
      "n": 877
    },
    "SHIFT_DOWN": {
      "hit_rate_3m_dn10": 42.8,
      "n": 334
    }
  }
}