{
  "timestamp": "2026-05-25T19:06:38.487063",
  "level": "NEUTRAL",
  "score": 0,
  "buy_score": 0,
  "sell_score": 0,
  "pillars": {
    "A_price_momentum": 0,
    "B_drawdown": 0,
    "C_credit_rotation": 0,
    "D_macro_stress": 0
  },
  "triggers_buy": [],
  "triggers_sell": [],
  "context_alerts": [],
  "indicators": {
    "SPX": 7473.47021484375,
    "SPX_5d_chg": 0.876968547529855,
    "SPX_20d_chg": 4.30407104116346,
    "SPX_pct_above_MA50": 6.94784975370315,
    "SPX_pct_above_MA200": 9.780356308383231,
    "VIX": 16.59000015258789,
    "VIX_5d_chg": -6.90235445174322,
    "VIX3M": 20.030000686645508,
    "VIX_VIX3M_ratio": 0.8282575928042204,
    "VIX9D": 14.069999694824219,
    "VIX9D_VIX_ratio": 0.8481012396271392,
    "VVIX": 91.16000366210938,
    "SKEW": 137.38999938964844,
    "HYG": 79.91000366210938,
    "HYG_5d_chg": 0.5663284455343698,
    "XLP_XLY_ratio": 0.7115288037809737,
    "XLP_XLY_20d_chg": 1.467442090231863,
    "DXY": 99.23899841308594,
    "DXY_20d_chg": 0.7707098195370854,
    "TNX": 4.558000087738037,
    "TNX_5d_chg_bp": -3.699970245361328,
    "KRE": 69.37000274658203,
    "KRE_5d_chg": 3.5836964045581787,
    "KRE_20d_chg": 0.6967678344989459,
    "IWM_SPX_ratio": 0.038150950886361244,
    "IWM_SPX_20d_chg": -1.1911714483265556,
    "SOXX": 537.3300170898438,
    "SOXX_20d_chg": 16.40598136589828,
    "NDX": 29481.640625,
    "RUT": 2869.22998046875
  },
  "backtest": {
    "PANIC_BUY": {
      "hit_rate_3m_up10": 55.6,
      "n": 293
    },
    "SHIFT_UP": {
      "hit_rate_3m_up10": 48.9,
      "n": 689
    },
    "CAUTION_UP": {
      "hit_rate_3m_up10": 31.1,
      "n": 753
    },
    "CAUTION_DOWN": {
      "hit_rate_3m_dn10": 31.8,
      "n": 877
    },
    "SHIFT_DOWN": {
      "hit_rate_3m_dn10": 42.8,
      "n": 334
    }
  }
}