{
  "timestamp": "2026-06-19T16:33:35.108647",
  "level": "NEUTRAL",
  "score": 0,
  "buy_score": 0,
  "sell_score": 0,
  "pillars": {
    "A_price_momentum": 0,
    "B_drawdown": 0,
    "C_credit_rotation": 0,
    "D_macro_stress": 0
  },
  "triggers_buy": [],
  "triggers_sell": [],
  "context_alerts": [],
  "indicators": {
    "SPX": 7420.10009765625,
    "SPX_5d_chg": 2.106922650824483,
    "SPX_20d_chg": 0.9041849596482576,
    "SPX_pct_above_MA50": 1.6274313974570243,
    "SPX_pct_above_MA200": 7.58124596774481,
    "VIX": 16.780000686645508,
    "VIX_5d_chg": -13.683126411195111,
    "VIX3M": 20.510000228881836,
    "VIX_VIX3M_ratio": 0.8181375182539586,
    "VIX9D": 17.260000228881836,
    "VIX9D_VIX_ratio": 1.028605454266658,
    "VVIX": 94.52999877929688,
    "SKEW": 142.6199951171875,
    "HYG": 79.7300033569336,
    "HYG_5d_chg": 0.32717016765659857,
    "XLP_XLY_ratio": 0.7245649134385092,
    "XLP_XLY_20d_chg": -3.1865435546896026,
    "DXY": 100.8010025024414,
    "DXY_20d_chg": 1.706186945490984,
    "TNX": 4.486999988555908,
    "TNX_5d_chg_bp": -4.8999786376953125,
    "KRE": 71.1500015258789,
    "KRE_5d_chg": -0.6839724566501504,
    "KRE_20d_chg": 5.313801209320057,
    "IWM_SPX_ratio": 0.03906685908110262,
    "IWM_SPX_20d_chg": 5.231663101177619,
    "SOXX": 599.72998046875,
    "SOXX_20d_chg": 20.73317877744887,
    "NDX": 29670.94921875,
    "RUT": 2917.97998046875
  },
  "backtest": {
    "PANIC_BUY": {
      "hit_rate_3m_up10": 55.6,
      "n": 293
    },
    "SHIFT_UP": {
      "hit_rate_3m_up10": 48.9,
      "n": 689
    },
    "CAUTION_UP": {
      "hit_rate_3m_up10": 31.1,
      "n": 753
    },
    "CAUTION_DOWN": {
      "hit_rate_3m_dn10": 31.8,
      "n": 877
    },
    "SHIFT_DOWN": {
      "hit_rate_3m_dn10": 42.8,
      "n": 334
    }
  }
}