{
  "timestamp": "2026-07-14T15:08:39.749533",
  "level": "NEUTRAL",
  "score": 0,
  "buy_score": 0,
  "sell_score": -1,
  "pillars": {
    "A_price_momentum": 0,
    "B_drawdown": 0,
    "C_credit_rotation": 0,
    "D_macro_stress": 1
  },
  "triggers_buy": [],
  "triggers_sell": [
    {
      "name": "SKEW > 145",
      "weight": 1,
      "pillar": "D"
    }
  ],
  "context_alerts": [],
  "indicators": {
    "SPX": 7553.85009765625,
    "SPX_5d_chg": 0.6663246113567389,
    "SPX_20d_chg": 1.646919143238046,
    "SPX_pct_above_MA50": 1.426525806843837,
    "SPX_pct_above_MA200": 8.314305082315055,
    "VIX": 16.469999313354492,
    "VIX_5d_chg": 2.1078745832478596,
    "VIX3M": 19.350000381469727,
    "VIX_VIX3M_ratio": 0.8511627384321279,
    "VIX9D": 13.880000114440918,
    "VIX9D_VIX_ratio": 0.8427444258110256,
    "VVIX": 93.37999725341797,
    "SKEW": 145.69000244140625,
    "HYG": 79.67500305175781,
    "HYG_5d_chg": -0.10656855842039459,
    "XLP_XLY_ratio": 0.7239253188404767,
    "XLP_XLY_20d_chg": -1.643333287884008,
    "DXY": 100.73500061035156,
    "DXY_20d_chg": 0.9874692835604604,
    "TNX": 4.568999767303467,
    "TNX_5d_chg_bp": 3.9999961853027344,
    "KRE": 75.43000030517578,
    "KRE_5d_chg": 0.4795532327361629,
    "KRE_20d_chg": 2.75166399986031,
    "IWM_SPX_ratio": 0.03904499012138432,
    "IWM_SPX_20d_chg": -0.9519478848127316,
    "SOXX": 571.97998046875,
    "SOXX_20d_chg": -4.070443527253664,
    "NDX": 29644.025390625,
    "RUT": 2963.7880859375
  },
  "backtest": {
    "PANIC_BUY": {
      "hit_rate_3m_up10": 55.6,
      "n": 293
    },
    "SHIFT_UP": {
      "hit_rate_3m_up10": 48.9,
      "n": 689
    },
    "CAUTION_UP": {
      "hit_rate_3m_up10": 31.1,
      "n": 753
    },
    "CAUTION_DOWN": {
      "hit_rate_3m_dn10": 31.8,
      "n": 877
    },
    "SHIFT_DOWN": {
      "hit_rate_3m_dn10": 42.8,
      "n": 334
    }
  }
}