{
  "timestamp": "2026-06-09T10:49:11.776010",
  "level": "CAUTION_DOWN",
  "score": -2,
  "buy_score": 0,
  "sell_score": -2,
  "pillars": {
    "A_price_momentum": 0,
    "B_drawdown": 0,
    "C_credit_rotation": 1,
    "D_macro_stress": 1
  },
  "triggers_buy": [],
  "triggers_sell": [
    {
      "name": "XLP/XLY 20d > +2%",
      "weight": 1,
      "pillar": "C"
    },
    {
      "name": "VIX 18-25 (elevated)",
      "weight": 1,
      "pillar": "D"
    }
  ],
  "context_alerts": [],
  "indicators": {
    "SPX": 7405.72998046875,
    "SPX_5d_chg": -2.555671101782886,
    "SPX_20d_chg": 0.09190253896107503,
    "SPX_pct_above_MA50": 3.2225158096914397,
    "SPX_pct_above_MA200": 7.903190595482723,
    "VIX": 18.09000015258789,
    "VIX_5d_chg": 14.711475126698993,
    "VIX3M": 20.790000915527344,
    "VIX_VIX3M_ratio": 0.8701298391515262,
    "VIX9D": 19.690000534057617,
    "VIX9D_VIX_ratio": 1.0884466759521192,
    "VVIX": 92.4000015258789,
    "SKEW": 145.0,
    "HYG": 79.54000091552734,
    "HYG_5d_chg": -0.37574578672783243,
    "XLP_XLY_ratio": 0.7199064055309837,
    "XLP_XLY_20d_chg": 2.7949007295546613,
    "DXY": 99.76899719238281,
    "DXY_20d_chg": 1.867464473539071,
    "TNX": 4.552000045776367,
    "TNX_5d_chg_bp": 7.700014114379883,
    "KRE": 70.36000061035156,
    "KRE_5d_chg": 3.001029314924808,
    "KRE_20d_chg": 0.730139079987846,
    "IWM_SPX_ratio": 0.03836353554623924,
    "IWM_SPX_20d_chg": -0.11292276096888099,
    "SOXX": 571.4500122070312,
    "SOXX_20d_chg": 9.830871730563162,
    "NDX": 29414.259765625,
    "RUT": 2855.419921875
  },
  "backtest": {
    "PANIC_BUY": {
      "hit_rate_3m_up10": 55.6,
      "n": 293
    },
    "SHIFT_UP": {
      "hit_rate_3m_up10": 48.9,
      "n": 689
    },
    "CAUTION_UP": {
      "hit_rate_3m_up10": 31.1,
      "n": 753
    },
    "CAUTION_DOWN": {
      "hit_rate_3m_dn10": 31.8,
      "n": 877
    },
    "SHIFT_DOWN": {
      "hit_rate_3m_dn10": 42.8,
      "n": 334
    }
  }
}