{
  "timestamp": "2026-05-20T21:08:20.454535",
  "level": "NEUTRAL",
  "score": 0,
  "buy_score": 0,
  "sell_score": -3,
  "pillars": {
    "A_price_momentum": 0,
    "B_drawdown": 0,
    "C_credit_rotation": 3,
    "D_macro_stress": 0
  },
  "triggers_buy": [],
  "triggers_sell": [
    {
      "name": "XLP/XLY 20d > +4% (defensive rotation)",
      "weight": 3,
      "pillar": "C"
    }
  ],
  "context_alerts": [],
  "indicators": {
    "SPX": 7432.97021484375,
    "SPX_5d_chg": -0.15152345980118387,
    "SPX_20d_chg": 4.133853325725578,
    "SPX_pct_above_MA50": 6.8179252477686525,
    "SPX_pct_above_MA200": 9.368177857955384,
    "VIX": 17.440000534057617,
    "VIX_5d_chg": -2.4062690821576194,
    "VIX3M": 20.760000228881836,
    "VIX_VIX3M_ratio": 0.8400770877542982,
    "VIX9D": 15.140000343322754,
    "VIX9D_VIX_ratio": 0.868119259156941,
    "VVIX": 96.44999694824219,
    "SKEW": 135.5,
    "HYG": 79.86000061035156,
    "HYG_5d_chg": -0.0625742078166347,
    "XLP_XLY_ratio": 0.7251144215089667,
    "XLP_XLY_20d_chg": 5.0272289980677565,
    "DXY": 99.13500213623047,
    "DXY_20d_chg": 0.5528003028542505,
    "TNX": 4.572000026702881,
    "TNX_5d_chg_bp": 9.100008010864258,
    "KRE": 69.16999816894531,
    "KRE_5d_chg": 3.02353112563456,
    "KRE_20d_chg": -0.11552610982625833,
    "IWM_SPX_ratio": 0.037652511314828496,
    "IWM_SPX_20d_chg": -2.7923010136159943,
    "SOXX": 520.3099975585938,
    "SOXX_20d_chg": 20.506290570861864,
    "NDX": 29297.697265625,
    "RUT": 2817.36474609375
  },
  "backtest": {
    "PANIC_BUY": {
      "hit_rate_3m_up10": 55.6,
      "n": 293
    },
    "SHIFT_UP": {
      "hit_rate_3m_up10": 48.9,
      "n": 689
    },
    "CAUTION_UP": {
      "hit_rate_3m_up10": 31.1,
      "n": 753
    },
    "CAUTION_DOWN": {
      "hit_rate_3m_dn10": 31.8,
      "n": 877
    },
    "SHIFT_DOWN": {
      "hit_rate_3m_dn10": 42.8,
      "n": 334
    }
  }
}