{
  "timestamp": "2026-06-30T16:24:24.315340",
  "level": "NEUTRAL",
  "score": 0,
  "buy_score": 0,
  "sell_score": -1,
  "pillars": {
    "A_price_momentum": 0,
    "B_drawdown": 0,
    "C_credit_rotation": 1,
    "D_macro_stress": 0
  },
  "triggers_buy": [],
  "triggers_sell": [
    {
      "name": "XLP/XLY 20d > +2%",
      "weight": 1,
      "pillar": "C"
    }
  ],
  "context_alerts": [],
  "indicators": {
    "SPX": 7492.77001953125,
    "SPX_5d_chg": 1.728473975405942,
    "SPX_20d_chg": -1.4104013962861428,
    "SPX_pct_above_MA50": 1.5452948092160579,
    "SPX_pct_above_MA200": 8.057761340341617,
    "VIX": 16.75,
    "VIX_5d_chg": -14.058490524861444,
    "VIX3M": 19.149999618530273,
    "VIX_VIX3M_ratio": 0.8746736466663978,
    "VIX9D": 14.109999656677246,
    "VIX9D_VIX_ratio": 0.8423880392046117,
    "VVIX": 86.9800033569336,
    "SKEW": 144.4600067138672,
    "HYG": 80.04499816894531,
    "HYG_5d_chg": 0.21910030843308448,
    "XLP_XLY_ratio": 0.7119424026399765,
    "XLP_XLY_20d_chg": 2.5776856739345044,
    "DXY": 101.2249984741211,
    "DXY_20d_chg": 2.041332246144578,
    "TNX": 4.404000282287598,
    "TNX_5d_chg_bp": -10.499954223632812,
    "KRE": 74.86000061035156,
    "KRE_5d_chg": 2.3796468796643655,
    "KRE_20d_chg": 9.588644833634286,
    "IWM_SPX_ratio": 0.040067290942512095,
    "IWM_SPX_20d_chg": 5.374003505291691,
    "SOXX": 637.27001953125,
    "SOXX_20d_chg": 11.424479865057368,
    "NDX": 30224.2421875,
    "RUT": 3018.24072265625
  },
  "backtest": {
    "PANIC_BUY": {
      "hit_rate_3m_up10": 55.6,
      "n": 293
    },
    "SHIFT_UP": {
      "hit_rate_3m_up10": 48.9,
      "n": 689
    },
    "CAUTION_UP": {
      "hit_rate_3m_up10": 31.1,
      "n": 753
    },
    "CAUTION_DOWN": {
      "hit_rate_3m_dn10": 31.8,
      "n": 877
    },
    "SHIFT_DOWN": {
      "hit_rate_3m_dn10": 42.8,
      "n": 334
    }
  }
}