{
  "timestamp": "2026-05-28T11:56:06.389215",
  "level": "NEUTRAL",
  "score": 0,
  "buy_score": 0,
  "sell_score": 0,
  "pillars": {
    "A_price_momentum": 0,
    "B_drawdown": 0,
    "C_credit_rotation": 0,
    "D_macro_stress": 0
  },
  "triggers_buy": [],
  "triggers_sell": [],
  "context_alerts": [],
  "indicators": {
    "SPX": 7520.35986328125,
    "SPX_5d_chg": 2.2675937818326775,
    "SPX_20d_chg": 5.344876856515968,
    "SPX_pct_above_MA50": 7.095357787172851,
    "SPX_pct_above_MA200": 10.282025381785754,
    "VIX": 16.75,
    "VIX_5d_chg": -0.05966723595028922,
    "VIX3M": 19.450000762939453,
    "VIX_VIX3M_ratio": 0.8611824854997381,
    "VIX9D": 13.270000457763672,
    "VIX9D_VIX_ratio": 0.7922388332993237,
    "VVIX": 87.52999877929688,
    "SKEW": 138.57000732421875,
    "HYG": 80.12999725341797,
    "HYG_5d_chg": 0.9829852480101264,
    "XLP_XLY_ratio": 0.6958453287330586,
    "XLP_XLY_20d_chg": -1.9970370642111934,
    "DXY": 99.34400177001953,
    "DXY_20d_chg": 0.42863284363396925,
    "TNX": 4.480999946594238,
    "TNX_5d_chg_bp": -18.599987030029297,
    "KRE": 69.58000183105469,
    "KRE_5d_chg": 2.989941304703292,
    "KRE_20d_chg": -1.1226387447678676,
    "IWM_SPX_ratio": 0.03861118355983759,
    "IWM_SPX_20d_chg": 0.6306837904845208,
    "SOXX": 563.97998046875,
    "SOXX_20d_chg": 28.55416823268293,
    "NDX": 29973.5703125,
    "RUT": 2919.93994140625
  },
  "backtest": {
    "PANIC_BUY": {
      "hit_rate_3m_up10": 55.6,
      "n": 293
    },
    "SHIFT_UP": {
      "hit_rate_3m_up10": 48.9,
      "n": 689
    },
    "CAUTION_UP": {
      "hit_rate_3m_up10": 31.1,
      "n": 753
    },
    "CAUTION_DOWN": {
      "hit_rate_3m_dn10": 31.8,
      "n": 877
    },
    "SHIFT_DOWN": {
      "hit_rate_3m_dn10": 42.8,
      "n": 334
    }
  }
}