{
  "timestamp": "2026-07-16T15:17:36.896945",
  "level": "NEUTRAL",
  "score": 0,
  "buy_score": 0,
  "sell_score": -1,
  "pillars": {
    "A_price_momentum": 0,
    "B_drawdown": 0,
    "C_credit_rotation": 0,
    "D_macro_stress": 1
  },
  "triggers_buy": [],
  "triggers_sell": [
    {
      "name": "SKEW > 145",
      "weight": 1,
      "pillar": "D"
    }
  ],
  "context_alerts": [],
  "indicators": {
    "SPX": 7556.7900390625,
    "SPX_5d_chg": 0.1743177312998112,
    "SPX_20d_chg": 0.6049503859556271,
    "SPX_pct_above_MA50": 1.2788644782740999,
    "SPX_pct_above_MA200": 8.211343156392047,
    "VIX": 15.890000343322754,
    "VIX_5d_chg": 0.31565776675004376,
    "VIX3M": 19.020000457763672,
    "VIX_VIX3M_ratio": 0.8354363806987555,
    "VIX9D": 12.609999656677246,
    "VIX9D_VIX_ratio": 0.7935808297182435,
    "VVIX": 93.93000030517578,
    "SKEW": 148.50999450683594,
    "HYG": 79.78990173339844,
    "HYG_5d_chg": 0.05003352150274587,
    "XLP_XLY_ratio": 0.7222952729462161,
    "XLP_XLY_20d_chg": -0.03142769846227189,
    "DXY": 100.74400329589844,
    "DXY_20d_chg": 1.209566374620441,
    "TNX": 4.588000297546387,
    "TNX_5d_chg_bp": 4.900026321411133,
    "KRE": 77.69999694824219,
    "KRE_5d_chg": 4.085727206992673,
    "KRE_20d_chg": 7.187197183070437,
    "IWM_SPX_ratio": 0.03927196434989073,
    "IWM_SPX_20d_chg": 0.9947571952931389,
    "SOXX": 534.1199951171875,
    "SOXX_20d_chg": -9.661050683419504,
    "NDX": 29157.08203125,
    "RUT": 2989.535888671875
  },
  "backtest": {
    "PANIC_BUY": {
      "hit_rate_3m_up10": 55.6,
      "n": 293
    },
    "SHIFT_UP": {
      "hit_rate_3m_up10": 48.9,
      "n": 689
    },
    "CAUTION_UP": {
      "hit_rate_3m_up10": 31.1,
      "n": 753
    },
    "CAUTION_DOWN": {
      "hit_rate_3m_dn10": 31.8,
      "n": 877
    },
    "SHIFT_DOWN": {
      "hit_rate_3m_dn10": 42.8,
      "n": 334
    }
  }
}