{
  "timestamp": "2026-06-26T15:39:42.036324",
  "level": "CAUTION_DOWN",
  "score": -4,
  "buy_score": 0,
  "sell_score": -4,
  "pillars": {
    "A_price_momentum": 0,
    "B_drawdown": 0,
    "C_credit_rotation": 3,
    "D_macro_stress": 1
  },
  "triggers_buy": [],
  "triggers_sell": [
    {
      "name": "XLP/XLY 20d > +4% (defensive rotation)",
      "weight": 3,
      "pillar": "C"
    },
    {
      "name": "VIX 18-25 (elevated)",
      "weight": 1,
      "pillar": "D"
    }
  ],
  "context_alerts": [],
  "indicators": {
    "SPX": 7385.47021484375,
    "SPX_5d_chg": -1.5346794792173601,
    "SPX_20d_chg": -2.3554783976619142,
    "SPX_pct_above_MA50": 0.29076069017506256,
    "SPX_pct_above_MA200": 6.647382639484989,
    "VIX": 19.110000610351562,
    "VIX_5d_chg": 16.524396675956467,
    "VIX3M": 20.5,
    "VIX_VIX3M_ratio": 0.9321951517244664,
    "VIX9D": 17.790000915527344,
    "VIX9D_VIX_ratio": 0.9309262348160681,
    "VVIX": 92.47000122070312,
    "SKEW": 139.88999938964844,
    "HYG": 79.93499755859375,
    "HYG_5d_chg": -0.09374400154247287,
    "XLP_XLY_ratio": 0.7367828406991245,
    "XLP_XLY_20d_chg": 6.516299196834008,
    "DXY": 101.21499633789062,
    "DXY_20d_chg": 2.216723661117115,
    "TNX": 4.372000217437744,
    "TNX_5d_chg_bp": -11.499977111816406,
    "KRE": 75.04499816894531,
    "KRE_5d_chg": 4.636080440113499,
    "KRE_20d_chg": 7.900783430732883,
    "IWM_SPX_ratio": 0.04057696855556561,
    "IWM_SPX_20d_chg": 5.0950837940342275,
    "SOXX": 599.0700073242188,
    "SOXX_20d_chg": 5.197822210808867,
    "NDX": 29360.927734375,
    "RUT": 3006.40380859375
  },
  "backtest": {
    "PANIC_BUY": {
      "hit_rate_3m_up10": 55.6,
      "n": 293
    },
    "SHIFT_UP": {
      "hit_rate_3m_up10": 48.9,
      "n": 689
    },
    "CAUTION_UP": {
      "hit_rate_3m_up10": 31.1,
      "n": 753
    },
    "CAUTION_DOWN": {
      "hit_rate_3m_dn10": 31.8,
      "n": 877
    },
    "SHIFT_DOWN": {
      "hit_rate_3m_dn10": 42.8,
      "n": 334
    }
  }
}