{
  "timestamp": "2026-06-25T16:29:13.099653",
  "level": "CAUTION_DOWN",
  "score": -4,
  "buy_score": 0,
  "sell_score": -4,
  "pillars": {
    "A_price_momentum": 0,
    "B_drawdown": 0,
    "C_credit_rotation": 3,
    "D_macro_stress": 1
  },
  "triggers_buy": [],
  "triggers_sell": [
    {
      "name": "XLP/XLY 20d > +4% (defensive rotation)",
      "weight": 3,
      "pillar": "C"
    },
    {
      "name": "VIX 18-25 (elevated)",
      "weight": 1,
      "pillar": "D"
    },
    {
      "name": "SKEW > 145",
      "weight": 1,
      "pillar": "D"
    }
  ],
  "context_alerts": [],
  "indicators": {
    "SPX": 7367.81982421875,
    "SPX_5d_chg": -0.7045763904723223,
    "SPX_20d_chg": -2.0283609007500925,
    "SPX_pct_above_MA50": 0.1468694251335778,
    "SPX_pct_above_MA200": 6.45880581412599,
    "VIX": 18.639999389648438,
    "VIX_5d_chg": 1.0845924609461655,
    "VIX3M": 20.260000228881836,
    "VIX_VIX3M_ratio": 0.9200394461534116,
    "VIX9D": 17.829999923706055,
    "VIX9D_VIX_ratio": 0.9565450916059467,
    "VVIX": 93.95999908447266,
    "SKEW": 145.3000030517578,
    "HYG": 79.9000015258789,
    "HYG_5d_chg": 0.21321731065815364,
    "XLP_XLY_ratio": 0.7374775470586521,
    "XLP_XLY_20d_chg": 5.982970152489808,
    "DXY": 101.3219985961914,
    "DXY_20d_chg": 2.128817186985832,
    "TNX": 4.386000156402588,
    "TNX_5d_chg_bp": -10.099983215332031,
    "KRE": 74.4800033569336,
    "KRE_5d_chg": 4.680255459788696,
    "KRE_20d_chg": 7.042255528788965,
    "IWM_SPX_ratio": 0.04059409750422402,
    "IWM_SPX_20d_chg": 5.1355948240058735,
    "SOXX": 626.1599731445312,
    "SOXX_20d_chg": 11.025212743207756,
    "NDX": 29445.005859375,
    "RUT": 3013.3662109375
  },
  "backtest": {
    "PANIC_BUY": {
      "hit_rate_3m_up10": 55.6,
      "n": 293
    },
    "SHIFT_UP": {
      "hit_rate_3m_up10": 48.9,
      "n": 689
    },
    "CAUTION_UP": {
      "hit_rate_3m_up10": 31.1,
      "n": 753
    },
    "CAUTION_DOWN": {
      "hit_rate_3m_dn10": 31.8,
      "n": 877
    },
    "SHIFT_DOWN": {
      "hit_rate_3m_dn10": 42.8,
      "n": 334
    }
  }
}