{
  "timestamp": "2026-06-11T17:06:13.733498",
  "level": "CAUTION_UP",
  "score": 2,
  "buy_score": 2,
  "sell_score": -7,
  "pillars": {
    "A_price_momentum": 3,
    "B_drawdown": 0,
    "C_credit_rotation": 3,
    "D_macro_stress": 1
  },
  "triggers_buy": [
    {
      "name": "SPX 5d -3~-5%",
      "weight": 2
    }
  ],
  "triggers_sell": [
    {
      "name": "SPX 5d < -4%",
      "weight": 3,
      "pillar": "A"
    },
    {
      "name": "XLP/XLY 20d > +4% (defensive rotation)",
      "weight": 3,
      "pillar": "C"
    },
    {
      "name": "VIX 18-25 (elevated)",
      "weight": 1,
      "pillar": "D"
    }
  ],
  "context_alerts": [],
  "indicators": {
    "SPX": 7276.31005859375,
    "SPX_5d_chg": -4.061015407077228,
    "SPX_20d_chg": -2.25596858523357,
    "SPX_pct_above_MA50": 0.6641006473060429,
    "SPX_pct_above_MA200": 5.812961069800537,
    "VIX": 21.389999389648438,
    "VIX_5d_chg": 38.8961033733443,
    "VIX3M": 22.690000534057617,
    "VIX_VIX3M_ratio": 0.9427059888139764,
    "VIX9D": 22.940000534057617,
    "VIX9D_VIX_ratio": 1.0724638236857218,
    "VVIX": 108.13999938964844,
    "SKEW": 143.0800018310547,
    "HYG": 79.58999633789062,
    "HYG_5d_chg": -0.3006457317538236,
    "XLP_XLY_ratio": 0.7522233031146968,
    "XLP_XLY_20d_chg": 5.410706063817705,
    "DXY": 100.26200103759766,
    "DXY_20d_chg": 1.8095020510969562,
    "TNX": 4.5279998779296875,
    "TNX_5d_chg_bp": 5.099964141845703,
    "KRE": 71.3499984741211,
    "KRE_5d_chg": 1.9576951292783251,
    "KRE_20d_chg": 6.270478288270209,
    "IWM_SPX_ratio": 0.03916138903385565,
    "IWM_SPX_20d_chg": 3.1333910449648394,
    "SOXX": 559.27001953125,
    "SOXX_20d_chg": 5.8642114733251205,
    "NDX": 28730.052734375,
    "RUT": 2870.79443359375
  },
  "backtest": {
    "PANIC_BUY": {
      "hit_rate_3m_up10": 55.6,
      "n": 293
    },
    "SHIFT_UP": {
      "hit_rate_3m_up10": 48.9,
      "n": 689
    },
    "CAUTION_UP": {
      "hit_rate_3m_up10": 31.1,
      "n": 753
    },
    "CAUTION_DOWN": {
      "hit_rate_3m_dn10": 31.8,
      "n": 877
    },
    "SHIFT_DOWN": {
      "hit_rate_3m_dn10": 42.8,
      "n": 334
    }
  }
}