{
  "timestamp": "2026-06-26T00:12:50.448173",
  "level": "CAUTION_DOWN",
  "score": -4,
  "buy_score": 0,
  "sell_score": -4,
  "pillars": {
    "A_price_momentum": 0,
    "B_drawdown": 0,
    "C_credit_rotation": 3,
    "D_macro_stress": 1
  },
  "triggers_buy": [],
  "triggers_sell": [
    {
      "name": "XLP/XLY 20d > +4% (defensive rotation)",
      "weight": 3,
      "pillar": "C"
    },
    {
      "name": "VIX 18-25 (elevated)",
      "weight": 1,
      "pillar": "D"
    }
  ],
  "context_alerts": [],
  "indicators": {
    "SPX": 7357.490234375,
    "SPX_5d_chg": -0.8437873136108553,
    "SPX_20d_chg": -2.1657158948134136,
    "SPX_pct_above_MA50": 0.009273138958021399,
    "SPX_pct_above_MA200": 6.310345281741148,
    "VIX": 18.889999389648438,
    "VIX_5d_chg": 2.440340794783058,
    "VIX3M": 20.329999923706055,
    "VIX_VIX3M_ratio": 0.9291686896477316,
    "VIX9D": 17.920000076293945,
    "VIX9D_VIX_ratio": 0.9486501140976191,
    "VVIX": 91.19000244140625,
    "SKEW": 139.88999938964844,
    "HYG": 79.87999725341797,
    "HYG_5d_chg": 0.18812729232291492,
    "XLP_XLY_ratio": 0.7405381876610309,
    "XLP_XLY_20d_chg": 6.422815111706726,
    "DXY": 101.50900268554688,
    "DXY_20d_chg": 2.317310374246384,
    "TNX": 4.3919997215271,
    "TNX_5d_chg_bp": -9.50002670288086,
    "KRE": 74.7699966430664,
    "KRE_5d_chg": 5.087835614270264,
    "KRE_20d_chg": 7.459032301570501,
    "IWM_SPX_ratio": 0.0406266259471972,
    "IWM_SPX_20d_chg": 5.2198409930536815,
    "SOXX": 625.2000122070312,
    "SOXX_20d_chg": 10.85500086144875,
    "NDX": 29440.322265625,
    "RUT": 3007.857666015625
  },
  "backtest": {
    "PANIC_BUY": {
      "hit_rate_3m_up10": 55.6,
      "n": 293
    },
    "SHIFT_UP": {
      "hit_rate_3m_up10": 48.9,
      "n": 689
    },
    "CAUTION_UP": {
      "hit_rate_3m_up10": 31.1,
      "n": 753
    },
    "CAUTION_DOWN": {
      "hit_rate_3m_dn10": 31.8,
      "n": 877
    },
    "SHIFT_DOWN": {
      "hit_rate_3m_dn10": 42.8,
      "n": 334
    }
  }
}