{
  "timestamp": "2026-07-10T15:55:41.058428",
  "level": "NEUTRAL",
  "score": 0,
  "buy_score": 0,
  "sell_score": 0,
  "pillars": {
    "A_price_momentum": 0,
    "B_drawdown": 0,
    "C_credit_rotation": 0,
    "D_macro_stress": 0
  },
  "triggers_buy": [],
  "triggers_sell": [],
  "context_alerts": [],
  "indicators": {
    "SPX": 7553.3701171875,
    "SPX_5d_chg": 0.9371593135597989,
    "SPX_20d_chg": 3.940832085583912,
    "SPX_pct_above_MA50": 1.6237349225222353,
    "SPX_pct_above_MA200": 8.447088125342184,
    "VIX": 15.529999732971191,
    "VIX_5d_chg": -3.8390086699921833,
    "VIX3M": 18.920000076293945,
    "VIX_VIX3M_ratio": 0.8208245068893896,
    "VIX9D": 12.25,
    "VIX9D_VIX_ratio": 0.7887958925068401,
    "VVIX": 88.19999694824219,
    "SKEW": 144.6699981689453,
    "HYG": 79.7300033569336,
    "HYG_5d_chg": 0.025096315005268544,
    "XLP_XLY_ratio": 0.713175706473009,
    "XLP_XLY_20d_chg": -5.324235084095619,
    "DXY": 100.80400085449219,
    "DXY_20d_chg": 0.8544311478991151,
    "TNX": 4.545000076293945,
    "TNX_5d_chg_bp": 7.000017166137695,
    "KRE": 74.7249984741211,
    "KRE_5d_chg": -0.3932260492477302,
    "KRE_20d_chg": 4.306252248403042,
    "IWM_SPX_ratio": 0.03908454062762496,
    "IWM_SPX_20d_chg": 0.700935064200725,
    "SOXX": 577.094970703125,
    "SOXX_20d_chg": 6.571431791796756,
    "NDX": 29711.8203125,
    "RUT": 2969.226318359375
  },
  "backtest": {
    "PANIC_BUY": {
      "hit_rate_3m_up10": 55.6,
      "n": 293
    },
    "SHIFT_UP": {
      "hit_rate_3m_up10": 48.9,
      "n": 689
    },
    "CAUTION_UP": {
      "hit_rate_3m_up10": 31.1,
      "n": 753
    },
    "CAUTION_DOWN": {
      "hit_rate_3m_dn10": 31.8,
      "n": 877
    },
    "SHIFT_DOWN": {
      "hit_rate_3m_dn10": 42.8,
      "n": 334
    }
  }
}