{
  "timestamp": "2026-05-28T21:24:19.122639",
  "level": "NEUTRAL",
  "score": 0,
  "buy_score": 0,
  "sell_score": 0,
  "pillars": {
    "A_price_momentum": 0,
    "B_drawdown": 0,
    "C_credit_rotation": 0,
    "D_macro_stress": 0
  },
  "triggers_buy": [],
  "triggers_sell": [],
  "context_alerts": [],
  "indicators": {
    "SPX": 7563.6298828125,
    "SPX_5d_chg": 1.757839251229898,
    "SPX_20d_chg": 5.993310992850498,
    "SPX_pct_above_MA50": 7.452173552683217,
    "SPX_pct_above_MA200": 10.819848058444226,
    "VIX": 15.739999771118164,
    "VIX_5d_chg": -6.085921502590108,
    "VIX3M": 19.110000610351562,
    "VIX_VIX3M_ratio": 0.8236524996546611,
    "VIX9D": 12.979999542236328,
    "VIX9D_VIX_ratio": 0.8246505547003724,
    "VVIX": 86.02999877929688,
    "SKEW": 139.52000427246094,
    "HYG": 80.2300033569336,
    "HYG_5d_chg": 0.4633142295945136,
    "XLP_XLY_ratio": 0.6917090119115066,
    "XLP_XLY_20d_chg": -2.5334295666997297,
    "DXY": 98.99199676513672,
    "DXY_20d_chg": 0.07278467198152949,
    "TNX": 4.454999923706055,
    "TNX_5d_chg_bp": -11.700010299682617,
    "KRE": 69.55000305175781,
    "KRE_5d_chg": 0.5493781883358695,
    "KRE_20d_chg": 0.753301871152412,
    "IWM_SPX_ratio": 0.03860976849791425,
    "IWM_SPX_20d_chg": 1.2633779223166108,
    "SOXX": 569.469970703125,
    "SOXX_20d_chg": 26.55169738476171,
    "NDX": 30223.888671875,
    "RUT": 2936.56982421875
  },
  "backtest": {
    "PANIC_BUY": {
      "hit_rate_3m_up10": 55.6,
      "n": 293
    },
    "SHIFT_UP": {
      "hit_rate_3m_up10": 48.9,
      "n": 689
    },
    "CAUTION_UP": {
      "hit_rate_3m_up10": 31.1,
      "n": 753
    },
    "CAUTION_DOWN": {
      "hit_rate_3m_dn10": 31.8,
      "n": 877
    },
    "SHIFT_DOWN": {
      "hit_rate_3m_dn10": 42.8,
      "n": 334
    }
  }
}