{
  "timestamp": "2026-06-23T16:28:57.418906",
  "level": "CAUTION_DOWN",
  "score": -2,
  "buy_score": 0,
  "sell_score": -2,
  "pillars": {
    "A_price_momentum": 0,
    "B_drawdown": 0,
    "C_credit_rotation": 1,
    "D_macro_stress": 1
  },
  "triggers_buy": [],
  "triggers_sell": [
    {
      "name": "XLP/XLY 20d > +2%",
      "weight": 1,
      "pillar": "C"
    },
    {
      "name": "VIX 18-25 (elevated)",
      "weight": 1,
      "pillar": "D"
    }
  ],
  "context_alerts": [],
  "indicators": {
    "SPX": 7402.080078125,
    "SPX_5d_chg": -2.01488108280774,
    "SPX_20d_chg": -0.9552474910110131,
    "SPX_pct_above_MA50": 0.8416749542606405,
    "SPX_pct_above_MA200": 7.086346811592836,
    "VIX": 18.989999771118164,
    "VIX_5d_chg": 17.22221528878787,
    "VIX3M": 20.84000015258789,
    "VIX_VIX3M_ratio": 0.9112283892550742,
    "VIX9D": 18.799999237060547,
    "VIX9D_VIX_ratio": 0.9899947058268748,
    "VVIX": 99.37999725341797,
    "SKEW": 141.85000610351562,
    "HYG": 79.90499877929688,
    "HYG_5d_chg": -0.1686683341907358,
    "XLP_XLY_ratio": 0.7320536359359006,
    "XLP_XLY_20d_chg": 2.8846101585572548,
    "DXY": 101.36100006103516,
    "DXY_20d_chg": 2.0549741970219637,
    "TNX": 4.4770002365112305,
    "TNX_5d_chg_bp": -0.9999752044677734,
    "KRE": 72.7197036743164,
    "KRE_5d_chg": 0.6779735492505656,
    "KRE_20d_chg": 4.828745560197367,
    "IWM_SPX_ratio": 0.040176546526063596,
    "IWM_SPX_20d_chg": 5.309423730317797,
    "SOXX": 609.7034301757812,
    "SOXX_20d_chg": 13.46908059927654,
    "NDX": 29580.94140625,
    "RUT": 2996.7041015625
  },
  "backtest": {
    "PANIC_BUY": {
      "hit_rate_3m_up10": 55.6,
      "n": 293
    },
    "SHIFT_UP": {
      "hit_rate_3m_up10": 48.9,
      "n": 689
    },
    "CAUTION_UP": {
      "hit_rate_3m_up10": 31.1,
      "n": 753
    },
    "CAUTION_DOWN": {
      "hit_rate_3m_dn10": 31.8,
      "n": 877
    },
    "SHIFT_DOWN": {
      "hit_rate_3m_dn10": 42.8,
      "n": 334
    }
  }
}