{
  "timestamp": "2026-07-09T16:12:11.662835",
  "level": "NEUTRAL",
  "score": 0,
  "buy_score": 0,
  "sell_score": -1,
  "pillars": {
    "A_price_momentum": 0,
    "B_drawdown": 0,
    "C_credit_rotation": 0,
    "D_macro_stress": 1
  },
  "triggers_buy": [],
  "triggers_sell": [
    {
      "name": "SKEW > 145",
      "weight": 1,
      "pillar": "D"
    }
  ],
  "context_alerts": [],
  "indicators": {
    "SPX": 7530.830078125,
    "SPX_5d_chg": 0.6360902682462921,
    "SPX_20d_chg": 1.9519021164858819,
    "SPX_pct_above_MA50": 1.4371321690183736,
    "SPX_pct_above_MA200": 8.19123022769903,
    "VIX": 16.139999389648438,
    "VIX_5d_chg": -2.7124819698645775,
    "VIX3M": 19.059999465942383,
    "VIX_VIX3M_ratio": 0.8467995719773452,
    "VIX9D": 13.149999618530273,
    "VIX9D_VIX_ratio": 0.8147459799139873,
    "VVIX": 89.62999725341797,
    "SKEW": 149.7899932861328,
    "HYG": 79.80999755859375,
    "HYG_5d_chg": 0.2764181817136002,
    "XLP_XLY_ratio": 0.7196930402202223,
    "XLP_XLY_20d_chg": -0.8432389298154264,
    "DXY": 100.87100219726562,
    "DXY_20d_chg": 0.9618641776916625,
    "TNX": 4.545000076293945,
    "TNX_5d_chg_bp": 12.69998550415039,
    "KRE": 74.6050033569336,
    "KRE_5d_chg": -2.0674677631041916,
    "KRE_20d_chg": 4.723477813122456,
    "IWM_SPX_ratio": 0.03946045925148835,
    "IWM_SPX_20d_chg": 2.2667211816025157,
    "SOXX": 591.8300170898438,
    "SOXX_20d_chg": 5.28160274446472,
    "NDX": 29686.111328125,
    "RUT": 2989.376708984375
  },
  "backtest": {
    "PANIC_BUY": {
      "hit_rate_3m_up10": 55.6,
      "n": 293
    },
    "SHIFT_UP": {
      "hit_rate_3m_up10": 48.9,
      "n": 689
    },
    "CAUTION_UP": {
      "hit_rate_3m_up10": 31.1,
      "n": 753
    },
    "CAUTION_DOWN": {
      "hit_rate_3m_dn10": 31.8,
      "n": 877
    },
    "SHIFT_DOWN": {
      "hit_rate_3m_dn10": 42.8,
      "n": 334
    }
  }
}