{
  "timestamp": "2026-06-15T18:09:26.139414",
  "level": "NEUTRAL",
  "score": 0,
  "buy_score": 0,
  "sell_score": 0,
  "pillars": {
    "A_price_momentum": 0,
    "B_drawdown": 0,
    "C_credit_rotation": 0,
    "D_macro_stress": 0
  },
  "triggers_buy": [],
  "triggers_sell": [],
  "context_alerts": [],
  "indicators": {
    "SPX": 7561.08984375,
    "SPX_5d_chg": 2.0978332141596168,
    "SPX_20d_chg": 2.059659090909083,
    "SPX_pct_above_MA50": 4.041805085722849,
    "SPX_pct_above_MA200": 9.781589621907605,
    "VIX": 16.170000076293945,
    "VIX_5d_chg": -14.534883662319043,
    "VIX3M": 19.479999542236328,
    "VIX_VIX3M_ratio": 0.8300821589463759,
    "VIX9D": 15.279999732971191,
    "VIX9D_VIX_ratio": 0.944959781130271,
    "VVIX": 89.73999786376953,
    "SKEW": 142.60000610351562,
    "HYG": 80.07499694824219,
    "HYG_5d_chg": 0.6726125553895956,
    "XLP_XLY_ratio": 0.7218638281564976,
    "XLP_XLY_20d_chg": -0.6157943992340709,
    "DXY": 99.59200286865234,
    "DXY_20d_chg": 0.3243741679006318,
    "TNX": 4.4670000076293945,
    "TNX_5d_chg_bp": -8.500003814697266,
    "KRE": 72.62999725341797,
    "KRE_5d_chg": 3.2262601241825895,
    "KRE_20d_chg": 8.45153939009502,
    "IWM_SPX_ratio": 0.039016863423396615,
    "IWM_SPX_20d_chg": 4.126954725082466,
    "SOXX": 627.27001953125,
    "SOXX_20d_chg": 23.35208705323586,
    "NDX": 30524.875,
    "RUT": 2974.19775390625
  },
  "backtest": {
    "PANIC_BUY": {
      "hit_rate_3m_up10": 55.6,
      "n": 293
    },
    "SHIFT_UP": {
      "hit_rate_3m_up10": 48.9,
      "n": 689
    },
    "CAUTION_UP": {
      "hit_rate_3m_up10": 31.1,
      "n": 753
    },
    "CAUTION_DOWN": {
      "hit_rate_3m_dn10": 31.8,
      "n": 877
    },
    "SHIFT_DOWN": {
      "hit_rate_3m_dn10": 42.8,
      "n": 334
    }
  }
}