{
  "timestamp": "2026-07-22T15:20:09.285725",
  "level": "NEUTRAL",
  "score": 0,
  "buy_score": 0,
  "sell_score": -1,
  "pillars": {
    "A_price_momentum": 0,
    "B_drawdown": 0,
    "C_credit_rotation": 0,
    "D_macro_stress": 1
  },
  "triggers_buy": [],
  "triggers_sell": [
    {
      "name": "SKEW > 145",
      "weight": 1,
      "pillar": "D"
    }
  ],
  "context_alerts": [],
  "indicators": {
    "SPX": 7514.419921875,
    "SPX_5d_chg": -0.7656750992615202,
    "SPX_20d_chg": 2.022412201376489,
    "SPX_pct_above_MA50": 0.5651204991188541,
    "SPX_pct_above_MA200": 7.364363234837001,
    "VIX": 16.979999542236328,
    "VIX_5d_chg": 8.359919971692854,
    "VIX3M": 19.670000076293945,
    "VIX_VIX3M_ratio": 0.8632434914273551,
    "VIX9D": 15.529999732971191,
    "VIX9D_VIX_ratio": 0.9146054270697486,
    "VVIX": 97.86000061035156,
    "SKEW": 151.66000366210938,
    "HYG": 79.5250015258789,
    "HYG_5d_chg": -0.3570931480177175,
    "XLP_XLY_ratio": 0.7374485493821982,
    "XLP_XLY_20d_chg": 0.2056227064808347,
    "DXY": 101.1050033569336,
    "DXY_20d_chg": -0.3007595840268551,
    "TNX": 4.654000282287598,
    "TNX_5d_chg_bp": 10.900020599365234,
    "KRE": 75.19999694824219,
    "KRE_5d_chg": -0.765375878065,
    "KRE_20d_chg": 2.8446309129240177,
    "IWM_SPX_ratio": 0.0392006316371414,
    "IWM_SPX_20d_chg": -2.231248948250164,
    "SOXX": 559.6199951171875,
    "SOXX_20d_chg": -7.254017877102658,
    "NDX": 29142.365234375,
    "RUT": 2966.295654296875
  },
  "backtest": {
    "PANIC_BUY": {
      "hit_rate_3m_up10": 55.6,
      "n": 293
    },
    "SHIFT_UP": {
      "hit_rate_3m_up10": 48.9,
      "n": 689
    },
    "CAUTION_UP": {
      "hit_rate_3m_up10": 31.1,
      "n": 753
    },
    "CAUTION_DOWN": {
      "hit_rate_3m_dn10": 31.8,
      "n": 877
    },
    "SHIFT_DOWN": {
      "hit_rate_3m_dn10": 42.8,
      "n": 334
    }
  }
}