{
  "timestamp": "2026-06-09T16:18:12.229210",
  "level": "CAUTION_UP",
  "score": 2,
  "buy_score": 2,
  "sell_score": -7,
  "pillars": {
    "A_price_momentum": 3,
    "B_drawdown": 0,
    "C_credit_rotation": 3,
    "D_macro_stress": 1
  },
  "triggers_buy": [
    {
      "name": "SPX 5d -3~-5%",
      "weight": 2
    }
  ],
  "triggers_sell": [
    {
      "name": "SPX 5d < -4%",
      "weight": 3,
      "pillar": "A"
    },
    {
      "name": "XLP/XLY 20d > +4% (defensive rotation)",
      "weight": 3,
      "pillar": "C"
    },
    {
      "name": "VIX 18-25 (elevated)",
      "weight": 1,
      "pillar": "D"
    }
  ],
  "context_alerts": [
    {
      "id": "vix9d_bw",
      "level": "medium",
      "title": "\ub2e8\uae30 \ubc31\uc6cc\ub370\uc774\uc158",
      "desc": "VIX9D/VIX = 1.10 (\ub2e8\uae30 \ud328\ub2c9 \uc784\ubc15)",
      "backtest": "\ub2e8\ub3c5 \ud6a8\uacfc \uc57d\ud568 (\ucc38\uace0\uc6a9)"
    }
  ],
  "indicators": {
    "SPX": 7281.43994140625,
    "SPX_5d_chg": -4.3147088748936575,
    "SPX_20d_chg": -1.772598695148353,
    "SPX_pct_above_MA50": 1.2326040564394125,
    "SPX_pct_above_MA200": 6.0218713014077,
    "VIX": 20.770000457763672,
    "VIX_5d_chg": 31.705769529882733,
    "VIX3M": 21.850000381469727,
    "VIX_VIX3M_ratio": 0.9505720867345171,
    "VIX9D": 22.90999984741211,
    "VIX9D_VIX_ratio": 1.10303318933479,
    "VVIX": 97.5199966430664,
    "SKEW": 145.0,
    "HYG": 79.54000091552734,
    "HYG_5d_chg": -0.45056395929474746,
    "XLP_XLY_ratio": 0.7348978775230549,
    "XLP_XLY_20d_chg": 5.223412220627366,
    "DXY": 99.88500213623047,
    "DXY_20d_chg": 1.9859093795590255,
    "TNX": 4.5279998779296875,
    "TNX_5d_chg_bp": 7.299995422363281,
    "KRE": 71.01499938964844,
    "KRE_5d_chg": 2.12107916983324,
    "KRE_20d_chg": 3.595909887895199,
    "IWM_SPX_ratio": 0.03842371852692416,
    "IWM_SPX_20d_chg": -0.17562645162786383,
    "SOXX": 531.3668823242188,
    "SOXX_20d_chg": -0.2614924949076225,
    "NDX": 28468.0859375,
    "RUT": 2827.844482421875
  },
  "backtest": {
    "PANIC_BUY": {
      "hit_rate_3m_up10": 55.6,
      "n": 293
    },
    "SHIFT_UP": {
      "hit_rate_3m_up10": 48.9,
      "n": 689
    },
    "CAUTION_UP": {
      "hit_rate_3m_up10": 31.1,
      "n": 753
    },
    "CAUTION_DOWN": {
      "hit_rate_3m_dn10": 31.8,
      "n": 877
    },
    "SHIFT_DOWN": {
      "hit_rate_3m_dn10": 42.8,
      "n": 334
    }
  }
}