{
  "timestamp": "2026-07-23T15:57:09.790947",
  "level": "CAUTION_DOWN",
  "score": -4,
  "buy_score": 0,
  "sell_score": -4,
  "pillars": {
    "A_price_momentum": 0,
    "B_drawdown": 0,
    "C_credit_rotation": 3,
    "D_macro_stress": 1
  },
  "triggers_buy": [],
  "triggers_sell": [
    {
      "name": "XLP/XLY 20d > +4% (defensive rotation)",
      "weight": 3,
      "pillar": "C"
    },
    {
      "name": "VIX 18-25 (elevated)",
      "weight": 1,
      "pillar": "D"
    },
    {
      "name": "SKEW > 145",
      "weight": 1,
      "pillar": "D"
    }
  ],
  "context_alerts": [],
  "indicators": {
    "SPX": 7398.509765625,
    "SPX_5d_chg": -1.795386022610046,
    "SPX_20d_chg": 0.547544781277054,
    "SPX_pct_above_MA50": -0.9782039732771475,
    "SPX_pct_above_MA200": 5.657899339612604,
    "VIX": 19.670000076293945,
    "VIX_5d_chg": 17.57322543037334,
    "VIX3M": 21.170000076293945,
    "VIX_VIX3M_ratio": 0.9291450167881817,
    "VIX9D": 19.600000381469727,
    "VIX9D_VIX_ratio": 0.9964412966673761,
    "VVIX": 105.29000091552734,
    "SKEW": 150.19000244140625,
    "HYG": 79.20999908447266,
    "HYG_5d_chg": -0.7393533141878295,
    "XLP_XLY_ratio": 0.7642870301129773,
    "XLP_XLY_20d_chg": 4.152659615192866,
    "DXY": 101.48999786376953,
    "DXY_20d_chg": -0.1181013146946186,
    "TNX": 4.699000358581543,
    "TNX_5d_chg_bp": 13.000059127807617,
    "KRE": 74.36000061035156,
    "KRE_5d_chg": -4.568785475167747,
    "KRE_20d_chg": 0.5272399394516736,
    "IWM_SPX_ratio": 0.03939036399327673,
    "IWM_SPX_20d_chg": -2.307806053348993,
    "SOXX": 548.3699951171875,
    "SOXX_20d_chg": -8.832918517508315,
    "NDX": 28412.744140625,
    "RUT": 2932.130859375
  },
  "backtest": {
    "PANIC_BUY": {
      "hit_rate_3m_up10": 55.6,
      "n": 293
    },
    "SHIFT_UP": {
      "hit_rate_3m_up10": 48.9,
      "n": 689
    },
    "CAUTION_UP": {
      "hit_rate_3m_up10": 31.1,
      "n": 753
    },
    "CAUTION_DOWN": {
      "hit_rate_3m_dn10": 31.8,
      "n": 877
    },
    "SHIFT_DOWN": {
      "hit_rate_3m_dn10": 42.8,
      "n": 334
    }
  }
}