{
  "timestamp": "2026-07-16T00:01:08.455493",
  "level": "NEUTRAL",
  "score": 0,
  "buy_score": 0,
  "sell_score": -1,
  "pillars": {
    "A_price_momentum": 0,
    "B_drawdown": 0,
    "C_credit_rotation": 0,
    "D_macro_stress": 1
  },
  "triggers_buy": [],
  "triggers_sell": [
    {
      "name": "SKEW > 145",
      "weight": 1,
      "pillar": "D"
    }
  ],
  "context_alerts": [
    {
      "id": "soxx_20d",
      "level": "high",
      "title": "\ubc18\ub3c4\uccb4 \uc57d\uc138",
      "desc": "SOXX 20\uc77c -11.6% (\uc704\ud5d8\uc790\uc0b0 \uc120\ud589)",
      "backtest": "\ub2e8\ub3c5 -15% \uc801\uc911\ub960 28%"
    }
  ],
  "indicators": {
    "SPX": 7572.39990234375,
    "SPX_5d_chg": 1.1986291313503372,
    "SPX_20d_chg": 0.239729520412979,
    "SPX_pct_above_MA50": 1.5850218279466866,
    "SPX_pct_above_MA200": 8.505809350527382,
    "VIX": 15.670000076293945,
    "VIX_5d_chg": -7.278103964497584,
    "VIX3M": 18.90999984741211,
    "VIX_VIX3M_ratio": 0.8286620942748676,
    "VIX9D": 12.0600004196167,
    "VIX9D_VIX_ratio": 0.7696235073962403,
    "VVIX": 91.8499984741211,
    "SKEW": 148.50999450683594,
    "HYG": 79.80999755859375,
    "HYG_5d_chg": 0.1882926055597478,
    "XLP_XLY_ratio": 0.7134188138521634,
    "XLP_XLY_20d_chg": -1.041102926124926,
    "DXY": 100.45500183105469,
    "DXY_20d_chg": 0.8280684536588367,
    "TNX": 4.545000076293945,
    "TNX_5d_chg_bp": -2.3999691009521484,
    "KRE": 75.77999877929688,
    "KRE_5d_chg": 3.326973770444064,
    "KRE_20d_chg": 4.914848757268553,
    "IWM_SPX_ratio": 0.03905894997993007,
    "IWM_SPX_20d_chg": 0.14343677035617564,
    "SOXX": 555.27001953125,
    "SOXX_20d_chg": -11.644520845625106,
    "NDX": 29502.595703125,
    "RUT": 2976.259033203125
  },
  "backtest": {
    "PANIC_BUY": {
      "hit_rate_3m_up10": 55.6,
      "n": 293
    },
    "SHIFT_UP": {
      "hit_rate_3m_up10": 48.9,
      "n": 689
    },
    "CAUTION_UP": {
      "hit_rate_3m_up10": 31.1,
      "n": 753
    },
    "CAUTION_DOWN": {
      "hit_rate_3m_dn10": 31.8,
      "n": 877
    },
    "SHIFT_DOWN": {
      "hit_rate_3m_dn10": 42.8,
      "n": 334
    }
  }
}