{
  "timestamp": "2026-05-27T11:51:18.552325",
  "level": "NEUTRAL",
  "score": 0,
  "buy_score": 0,
  "sell_score": 0,
  "pillars": {
    "A_price_momentum": 0,
    "B_drawdown": 0,
    "C_credit_rotation": 0,
    "D_macro_stress": 0
  },
  "triggers_buy": [],
  "triggers_sell": [],
  "context_alerts": [],
  "indicators": {
    "SPX": 7519.1201171875,
    "SPX_5d_chg": 1.5678715605358384,
    "SPX_20d_chg": 4.81201957396622,
    "SPX_pct_above_MA50": 7.328666266060724,
    "SPX_pct_above_MA200": 10.355352830255615,
    "VIX": 16.8700008392334,
    "VIX_5d_chg": -3.268346773906905,
    "VIX3M": 19.889999389648438,
    "VIX_VIX3M_ratio": 0.8481649752092617,
    "VIX9D": 14.84000015258789,
    "VIX9D_VIX_ratio": 0.879668015076533,
    "VVIX": 89.55000305175781,
    "SKEW": 139.0399932861328,
    "HYG": 80.18000030517578,
    "HYG_5d_chg": 0.8046258263538775,
    "XLP_XLY_ratio": 0.700125570448151,
    "XLP_XLY_20d_chg": 0.19771475227545743,
    "DXY": 99.14099884033203,
    "DXY_20d_chg": 0.528286432001801,
    "TNX": 4.493000030517578,
    "TNX_5d_chg_bp": -13.000011444091797,
    "KRE": 70.30000305175781,
    "KRE_5d_chg": 3.504129780587495,
    "KRE_20d_chg": 0.32824797764425817,
    "IWM_SPX_ratio": 0.03863617088674588,
    "IWM_SPX_20d_chg": 0.011692311787037113,
    "SOXX": 570.0900268554688,
    "SOXX_20d_chg": 25.18170928859218,
    "NDX": 30001.3203125,
    "RUT": 2920.5400390625
  },
  "backtest": {
    "PANIC_BUY": {
      "hit_rate_3m_up10": 55.6,
      "n": 293
    },
    "SHIFT_UP": {
      "hit_rate_3m_up10": 48.9,
      "n": 689
    },
    "CAUTION_UP": {
      "hit_rate_3m_up10": 31.1,
      "n": 753
    },
    "CAUTION_DOWN": {
      "hit_rate_3m_dn10": 31.8,
      "n": 877
    },
    "SHIFT_DOWN": {
      "hit_rate_3m_dn10": 42.8,
      "n": 334
    }
  }
}