{
  "timestamp": "2026-06-09T16:33:42.399572",
  "level": "CAUTION_UP",
  "score": 2,
  "buy_score": 2,
  "sell_score": -7,
  "pillars": {
    "A_price_momentum": 3,
    "B_drawdown": 0,
    "C_credit_rotation": 3,
    "D_macro_stress": 1
  },
  "triggers_buy": [
    {
      "name": "SPX 5d -3~-5%",
      "weight": 2
    }
  ],
  "triggers_sell": [
    {
      "name": "SPX 5d < -4%",
      "weight": 3,
      "pillar": "A"
    },
    {
      "name": "XLP/XLY 20d > +4% (defensive rotation)",
      "weight": 3,
      "pillar": "C"
    },
    {
      "name": "VIX 18-25 (elevated)",
      "weight": 1,
      "pillar": "D"
    }
  ],
  "context_alerts": [
    {
      "id": "vix9d_bw",
      "level": "medium",
      "title": "\ub2e8\uae30 \ubc31\uc6cc\ub370\uc774\uc158",
      "desc": "VIX9D/VIX = 1.14 (\ub2e8\uae30 \ud328\ub2c9 \uc784\ubc15)",
      "backtest": "\ub2e8\ub3c5 \ud6a8\uacfc \uc57d\ud568 (\ucc38\uace0\uc6a9)"
    }
  ],
  "indicators": {
    "SPX": 7293.169921875,
    "SPX_5d_chg": -4.1605653806018665,
    "SPX_20d_chg": -1.6143600077357378,
    "SPX_pct_above_MA50": 1.3923769407831355,
    "SPX_pct_above_MA200": 6.191759579399014,
    "VIX": 21.799999237060547,
    "VIX_5d_chg": 38.23715031237218,
    "VIX3M": 22.260000228881836,
    "VIX_VIX3M_ratio": 0.9793350859347949,
    "VIX9D": 24.93000030517578,
    "VIX9D_VIX_ratio": 1.1435780356723202,
    "VVIX": 99.2300033569336,
    "SKEW": 145.0,
    "HYG": 79.55500030517578,
    "HYG_5d_chg": -0.4317912567140314,
    "XLP_XLY_ratio": 0.7328304054792972,
    "XLP_XLY_20d_chg": 4.927389508127278,
    "DXY": 99.9739990234375,
    "DXY_20d_chg": 2.0767781614546177,
    "TNX": 4.522000312805176,
    "TNX_5d_chg_bp": 6.700038909912109,
    "KRE": 71.20500183105469,
    "KRE_5d_chg": 2.3943067207460533,
    "KRE_20d_chg": 3.8730833859952574,
    "IWM_SPX_ratio": 0.03843047697800516,
    "IWM_SPX_20d_chg": -0.15806807437591663,
    "SOXX": 533.010009765625,
    "SOXX_20d_chg": 0.0469254439930511,
    "NDX": 28505.8125,
    "RUT": 2811.111572265625
  },
  "backtest": {
    "PANIC_BUY": {
      "hit_rate_3m_up10": 55.6,
      "n": 293
    },
    "SHIFT_UP": {
      "hit_rate_3m_up10": 48.9,
      "n": 689
    },
    "CAUTION_UP": {
      "hit_rate_3m_up10": 31.1,
      "n": 753
    },
    "CAUTION_DOWN": {
      "hit_rate_3m_dn10": 31.8,
      "n": 877
    },
    "SHIFT_DOWN": {
      "hit_rate_3m_dn10": 42.8,
      "n": 334
    }
  }
}