{
  "timestamp": "2026-06-19T00:06:30.361284",
  "level": "NEUTRAL",
  "score": 0,
  "buy_score": 0,
  "sell_score": -1,
  "pillars": {
    "A_price_momentum": 0,
    "B_drawdown": 0,
    "C_credit_rotation": 0,
    "D_macro_stress": 1
  },
  "triggers_buy": [],
  "triggers_sell": [
    {
      "name": "SKEW > 145",
      "weight": 1,
      "pillar": "D"
    }
  ],
  "context_alerts": [],
  "indicators": {
    "SPX": 7500.580078125,
    "SPX_5d_chg": 1.4373270795718263,
    "SPX_20d_chg": 0.9095941639350569,
    "SPX_pct_above_MA50": 2.528118497960685,
    "SPX_pct_above_MA200": 8.662623211890953,
    "VIX": 16.399999618530273,
    "VIX_5d_chg": -15.637864362202357,
    "VIX3M": 19.56999969482422,
    "VIX_VIX3M_ratio": 0.8380173671064322,
    "VIX9D": 13.930000305175781,
    "VIX9D_VIX_ratio": 0.849390282267833,
    "VVIX": 88.43000030517578,
    "SKEW": 146.72000122070312,
    "HYG": 80.01000213623047,
    "HYG_5d_chg": 0.08756528982536427,
    "XLP_XLY_ratio": 0.7109935169684345,
    "XLP_XLY_20d_chg": -1.9474036264713224,
    "DXY": 100.8270034790039,
    "DXY_20d_chg": 1.732421408615159,
    "TNX": 4.450999736785889,
    "TNX_5d_chg_bp": -10.100030899047852,
    "KRE": 71.72000122070312,
    "KRE_5d_chg": -0.8707633264751435,
    "KRE_20d_chg": 3.686573831518003,
    "IWM_SPX_ratio": 0.039408951475628055,
    "IWM_SPX_20d_chg": 4.664868555813517,
    "SOXX": 639.4500122070312,
    "SOXX_20d_chg": 22.897890720429757,
    "NDX": 30406.193359375,
    "RUT": 2979.765380859375
  },
  "backtest": {
    "PANIC_BUY": {
      "hit_rate_3m_up10": 55.6,
      "n": 293
    },
    "SHIFT_UP": {
      "hit_rate_3m_up10": 48.9,
      "n": 689
    },
    "CAUTION_UP": {
      "hit_rate_3m_up10": 31.1,
      "n": 753
    },
    "CAUTION_DOWN": {
      "hit_rate_3m_dn10": 31.8,
      "n": 877
    },
    "SHIFT_DOWN": {
      "hit_rate_3m_dn10": 42.8,
      "n": 334
    }
  }
}