{
  "timestamp": "2026-07-24T15:27:56.552186",
  "level": "CAUTION_DOWN",
  "score": -2,
  "buy_score": 0,
  "sell_score": -2,
  "pillars": {
    "A_price_momentum": 0,
    "B_drawdown": 0,
    "C_credit_rotation": 1,
    "D_macro_stress": 1
  },
  "triggers_buy": [],
  "triggers_sell": [
    {
      "name": "XLP/XLY 20d > +2%",
      "weight": 1,
      "pillar": "C"
    },
    {
      "name": "SKEW > 145",
      "weight": 1,
      "pillar": "D"
    }
  ],
  "context_alerts": [
    {
      "id": "soxx_20d",
      "level": "high",
      "title": "\ubc18\ub3c4\uccb4 \uc57d\uc138",
      "desc": "SOXX 20\uc77c -14.4% (\uc704\ud5d8\uc790\uc0b0 \uc120\ud589)",
      "backtest": "\ub2e8\ub3c5 -15% \uc801\uc911\ub960 28%"
    }
  ],
  "indicators": {
    "SPX": 7451.64990234375,
    "SPX_5d_chg": -0.08099075062057981,
    "SPX_20d_chg": 1.2797797206556272,
    "SPX_pct_above_MA50": -0.2831188376772653,
    "SPX_pct_above_MA200": 6.362021646712601,
    "VIX": 17.90999984741211,
    "VIX_5d_chg": -4.581782575268123,
    "VIX3M": 20.190000534057617,
    "VIX_VIX3M_ratio": 0.8870727772988676,
    "VIX9D": 16.700000762939453,
    "VIX9D_VIX_ratio": 0.9324400282087387,
    "VVIX": 98.76000213623047,
    "SKEW": 145.9499969482422,
    "HYG": 79.24500274658203,
    "HYG_5d_chg": -0.5084730339462551,
    "XLP_XLY_ratio": 0.7669429826109848,
    "XLP_XLY_20d_chg": 3.565622325751061,
    "DXY": 101.31199645996094,
    "DXY_20d_chg": -0.11634018028177096,
    "TNX": 4.666999816894531,
    "TNX_5d_chg_bp": 12.599992752075195,
    "KRE": 76.09500122070312,
    "KRE_5d_chg": -0.7758523950468277,
    "KRE_20d_chg": 1.7721073119234765,
    "IWM_SPX_ratio": 0.03939127611013684,
    "IWM_SPX_20d_chg": -3.0407394369051377,
    "SOXX": 535.2349853515625,
    "SOXX_20d_chg": -14.389799280054616,
    "NDX": 28373.91015625,
    "RUT": 2941.197509765625
  },
  "backtest": {
    "PANIC_BUY": {
      "hit_rate_3m_up10": 55.6,
      "n": 293
    },
    "SHIFT_UP": {
      "hit_rate_3m_up10": 48.9,
      "n": 689
    },
    "CAUTION_UP": {
      "hit_rate_3m_up10": 31.1,
      "n": 753
    },
    "CAUTION_DOWN": {
      "hit_rate_3m_dn10": 31.8,
      "n": 877
    },
    "SHIFT_DOWN": {
      "hit_rate_3m_dn10": 42.8,
      "n": 334
    }
  }
}