{
  "timestamp": "2026-07-13T16:04:24.716983",
  "level": "NEUTRAL",
  "score": 0,
  "buy_score": 0,
  "sell_score": 0,
  "pillars": {
    "A_price_momentum": 0,
    "B_drawdown": 0,
    "C_credit_rotation": 0,
    "D_macro_stress": 0
  },
  "triggers_buy": [],
  "triggers_sell": [],
  "context_alerts": [],
  "indicators": {
    "SPX": 7539.64990234375,
    "SPX_5d_chg": 0.029449381430191046,
    "SPX_20d_chg": 1.9657046846289328,
    "SPX_pct_above_MA50": 1.3230728214475906,
    "SPX_pct_above_MA200": 8.179838659335648,
    "VIX": 16.239999771118164,
    "VIX_5d_chg": 4.303147652062367,
    "VIX3M": 19.239999771118164,
    "VIX_VIX3M_ratio": 0.8440748422199358,
    "VIX9D": 13.479999542236328,
    "VIX9D_VIX_ratio": 0.8300492445947982,
    "VVIX": 91.97000122070312,
    "SKEW": 144.27000427246094,
    "HYG": 79.6050033569336,
    "HYG_5d_chg": -0.3317883817899103,
    "XLP_XLY_ratio": 0.7264960674588608,
    "XLP_XLY_20d_chg": -0.9129844155730371,
    "DXY": 101.12899780273438,
    "DXY_20d_chg": 1.2707762714065707,
    "TNX": 4.5980000495910645,
    "TNX_5d_chg_bp": 11.899995803833008,
    "KRE": 74.79010009765625,
    "KRE_5d_chg": -1.0189220299279045,
    "KRE_20d_chg": 3.372635348994457,
    "IWM_SPX_ratio": 0.03900578941291038,
    "IWM_SPX_20d_chg": -0.6850668363542978,
    "SOXX": 558.5399780273438,
    "SOXX_20d_chg": -4.837035933196909,
    "NDX": 29400.87109375,
    "RUT": 2961.39892578125
  },
  "backtest": {
    "PANIC_BUY": {
      "hit_rate_3m_up10": 55.6,
      "n": 293
    },
    "SHIFT_UP": {
      "hit_rate_3m_up10": 48.9,
      "n": 689
    },
    "CAUTION_UP": {
      "hit_rate_3m_up10": 31.1,
      "n": 753
    },
    "CAUTION_DOWN": {
      "hit_rate_3m_dn10": 31.8,
      "n": 877
    },
    "SHIFT_DOWN": {
      "hit_rate_3m_dn10": 42.8,
      "n": 334
    }
  }
}