{
  "timestamp": "2026-07-24T00:04:02.791457",
  "level": "CAUTION_DOWN",
  "score": -4,
  "buy_score": 0,
  "sell_score": -4,
  "pillars": {
    "A_price_momentum": 0,
    "B_drawdown": 0,
    "C_credit_rotation": 3,
    "D_macro_stress": 1
  },
  "triggers_buy": [],
  "triggers_sell": [
    {
      "name": "XLP/XLY 20d > +4% (defensive rotation)",
      "weight": 3,
      "pillar": "C"
    },
    {
      "name": "VIX 18-25 (elevated)",
      "weight": 1,
      "pillar": "D"
    },
    {
      "name": "SKEW > 145",
      "weight": 1,
      "pillar": "D"
    }
  ],
  "context_alerts": [],
  "indicators": {
    "SPX": 7408.2998046875,
    "SPX_5d_chg": -1.6654372846326537,
    "SPX_20d_chg": 0.6805937900951076,
    "SPX_pct_above_MA50": -0.8497722357122317,
    "SPX_pct_above_MA200": 5.796971017788577,
    "VIX": 18.700000762939453,
    "VIX_5d_chg": 11.77526165335323,
    "VIX3M": 20.600000381469727,
    "VIX_VIX3M_ratio": 0.9077670105171757,
    "VIX9D": 18.149999618530273,
    "VIX9D_VIX_ratio": 0.9705881752957359,
    "VVIX": 102.16999816894531,
    "SKEW": 145.9499969482422,
    "HYG": 79.2300033569336,
    "HYG_5d_chg": -0.7142853045438158,
    "XLP_XLY_ratio": 0.7650790497433567,
    "XLP_XLY_20d_chg": 4.260591514755885,
    "DXY": 101.45600128173828,
    "DXY_20d_chg": -0.1515592241789543,
    "TNX": 4.703000068664551,
    "TNX_5d_chg_bp": 13.400030136108398,
    "KRE": 75.1500015258789,
    "KRE_5d_chg": -3.5549239067749094,
    "KRE_20d_chg": 1.595241700287442,
    "IWM_SPX_ratio": 0.03942739954355987,
    "IWM_SPX_20d_chg": -2.215954041983992,
    "SOXX": 551.239990234375,
    "SOXX_20d_chg": -8.355778847152951,
    "NDX": 28454.80859375,
    "RUT": 2940.162841796875
  },
  "backtest": {
    "PANIC_BUY": {
      "hit_rate_3m_up10": 55.6,
      "n": 293
    },
    "SHIFT_UP": {
      "hit_rate_3m_up10": 48.9,
      "n": 689
    },
    "CAUTION_UP": {
      "hit_rate_3m_up10": 31.1,
      "n": 753
    },
    "CAUTION_DOWN": {
      "hit_rate_3m_dn10": 31.8,
      "n": 877
    },
    "SHIFT_DOWN": {
      "hit_rate_3m_dn10": 42.8,
      "n": 334
    }
  }
}