{
  "timestamp": "2026-06-18T16:45:16.506840",
  "level": "NEUTRAL",
  "score": 0,
  "buy_score": 0,
  "sell_score": 0,
  "pillars": {
    "A_price_momentum": 0,
    "B_drawdown": 0,
    "C_credit_rotation": 0,
    "D_macro_stress": 0
  },
  "triggers_buy": [],
  "triggers_sell": [],
  "context_alerts": [],
  "indicators": {
    "SPX": 7498.72021484375,
    "SPX_5d_chg": 1.412174416975276,
    "SPX_20d_chg": 0.8845723593604138,
    "SPX_pct_above_MA50": 2.5032165505814774,
    "SPX_pct_above_MA200": 8.635825301761413,
    "VIX": 16.799999237060547,
    "VIX_5d_chg": -13.58025321229781,
    "VIX3M": 19.75,
    "VIX_VIX3M_ratio": 0.8506328727625594,
    "VIX9D": 14.640000343322754,
    "VIX9D_VIX_ratio": 0.8714286314386928,
    "VVIX": 89.91999816894531,
    "SKEW": 142.6199951171875,
    "HYG": 79.9749984741211,
    "HYG_5d_chg": 0.04377787296228064,
    "XLP_XLY_ratio": 0.7129748223471247,
    "XLP_XLY_20d_chg": -1.6741632495157588,
    "DXY": 100.75199890136719,
    "DXY_20d_chg": 1.656743296240215,
    "TNX": 4.439000129699707,
    "TNX_5d_chg_bp": -11.299991607666016,
    "KRE": 71.53500366210938,
    "KRE_5d_chg": -1.1264614087078906,
    "KRE_20d_chg": 3.4191203639873047,
    "IWM_SPX_ratio": 0.03922002657484718,
    "IWM_SPX_20d_chg": 4.163109458787573,
    "SOXX": 638.9349975585938,
    "SOXX_20d_chg": 22.798908450080525,
    "NDX": 30365.279296875,
    "RUT": 2962.208984375
  },
  "backtest": {
    "PANIC_BUY": {
      "hit_rate_3m_up10": 55.6,
      "n": 293
    },
    "SHIFT_UP": {
      "hit_rate_3m_up10": 48.9,
      "n": 689
    },
    "CAUTION_UP": {
      "hit_rate_3m_up10": 31.1,
      "n": 753
    },
    "CAUTION_DOWN": {
      "hit_rate_3m_dn10": 31.8,
      "n": 877
    },
    "SHIFT_DOWN": {
      "hit_rate_3m_dn10": 42.8,
      "n": 334
    }
  }
}