{
  "timestamp": "2026-07-01T16:06:26.566161",
  "level": "NEUTRAL",
  "score": 0,
  "buy_score": 0,
  "sell_score": -1,
  "pillars": {
    "A_price_momentum": 0,
    "B_drawdown": 0,
    "C_credit_rotation": 0,
    "D_macro_stress": 1
  },
  "triggers_buy": [],
  "triggers_sell": [
    {
      "name": "SKEW > 145",
      "weight": 1,
      "pillar": "D"
    }
  ],
  "context_alerts": [],
  "indicators": {
    "SPX": 7516.58984375,
    "SPX_5d_chg": 2.152281724142613,
    "SPX_20d_chg": -1.224607597555294,
    "SPX_pct_above_MA50": 1.753918247160291,
    "SPX_pct_above_MA200": 8.327941797852123,
    "VIX": 16.1299991607666,
    "VIX_5d_chg": -13.419216922268118,
    "VIX3M": 18.8799991607666,
    "VIX_VIX3M_ratio": 0.8543432138644047,
    "VIX9D": 12.529999732971191,
    "VIX9D_VIX_ratio": 0.7768134150588316,
    "VVIX": 87.7699966430664,
    "SKEW": 149.60000610351562,
    "HYG": 79.625,
    "HYG_5d_chg": -0.28177642882988296,
    "XLP_XLY_ratio": 0.6998989664149253,
    "XLP_XLY_20d_chg": 0.5757241305486938,
    "DXY": 101.34200286865234,
    "DXY_20d_chg": 2.138683351987747,
    "TNX": 4.456999778747559,
    "TNX_5d_chg_bp": -5.200004577636719,
    "KRE": 76.3499984741211,
    "KRE_5d_chg": 3.2175168502658336,
    "KRE_20d_chg": 9.792921295566416,
    "IWM_SPX_ratio": 0.04021171983118591,
    "IWM_SPX_20d_chg": 4.917482292920616,
    "SOXX": 607.2999877929688,
    "SOXX_20d_chg": 0.37684178838994775,
    "NDX": 29982.033203125,
    "RUT": 3040.077392578125
  },
  "backtest": {
    "PANIC_BUY": {
      "hit_rate_3m_up10": 55.6,
      "n": 293
    },
    "SHIFT_UP": {
      "hit_rate_3m_up10": 48.9,
      "n": 689
    },
    "CAUTION_UP": {
      "hit_rate_3m_up10": 31.1,
      "n": 753
    },
    "CAUTION_DOWN": {
      "hit_rate_3m_dn10": 31.8,
      "n": 877
    },
    "SHIFT_DOWN": {
      "hit_rate_3m_dn10": 42.8,
      "n": 334
    }
  }
}