{
  "timestamp": "2026-07-07T16:02:37.931634",
  "level": "NEUTRAL",
  "score": 0,
  "buy_score": 0,
  "sell_score": -1,
  "pillars": {
    "A_price_momentum": 0,
    "B_drawdown": 0,
    "C_credit_rotation": 0,
    "D_macro_stress": 1
  },
  "triggers_buy": [],
  "triggers_sell": [
    {
      "name": "SKEW > 145",
      "weight": 1,
      "pillar": "D"
    }
  ],
  "context_alerts": [],
  "indicators": {
    "SPX": 7504.759765625,
    "SPX_5d_chg": 0.8645950344799092,
    "SPX_20d_chg": 1.6390003901626038,
    "SPX_pct_above_MA50": 1.2697532396092726,
    "SPX_pct_above_MA200": 7.949779978165772,
    "VIX": 16.219999313354492,
    "VIX_5d_chg": -8.101984906982441,
    "VIX3M": 19.1299991607666,
    "VIX_VIX3M_ratio": 0.8478829077326788,
    "VIX9D": 13.5,
    "VIX9D_VIX_ratio": 0.8323058305486474,
    "VVIX": 89.41000366210938,
    "SKEW": 145.3800048828125,
    "HYG": 79.80000305175781,
    "HYG_5d_chg": -0.26246604032718057,
    "XLP_XLY_ratio": 0.7232773658140235,
    "XLP_XLY_20d_chg": -0.4366775550011637,
    "DXY": 100.96900177001953,
    "DXY_20d_chg": 0.8983732166852443,
    "TNX": 4.5169997215271,
    "TNX_5d_chg_bp": 14.499950408935547,
    "KRE": 75.66999816894531,
    "KRE_5d_chg": 1.230766781197734,
    "KRE_20d_chg": 7.838107657859528,
    "IWM_SPX_ratio": 0.039592207367355664,
    "IWM_SPX_20d_chg": 3.79498698427323,
    "SOXX": 548.5599975585938,
    "SOXX_20d_chg": 1.6284672562913327,
    "NDX": 29193.125,
    "RUT": 2988.669677734375
  },
  "backtest": {
    "PANIC_BUY": {
      "hit_rate_3m_up10": 55.6,
      "n": 293
    },
    "SHIFT_UP": {
      "hit_rate_3m_up10": 48.9,
      "n": 689
    },
    "CAUTION_UP": {
      "hit_rate_3m_up10": 31.1,
      "n": 753
    },
    "CAUTION_DOWN": {
      "hit_rate_3m_dn10": 31.8,
      "n": 877
    },
    "SHIFT_DOWN": {
      "hit_rate_3m_dn10": 42.8,
      "n": 334
    }
  }
}