{
  "timestamp": "2026-06-02T12:32:20.423870",
  "level": "NEUTRAL",
  "score": 0,
  "buy_score": 0,
  "sell_score": 0,
  "pillars": {
    "A_price_momentum": 0,
    "B_drawdown": 0,
    "C_credit_rotation": 0,
    "D_macro_stress": 0
  },
  "triggers_buy": [],
  "triggers_sell": [],
  "context_alerts": [],
  "indicators": {
    "SPX": 7599.9599609375,
    "SPX_5d_chg": 1.6925168958660919,
    "SPX_20d_chg": 5.115265552377379,
    "SPX_pct_above_MA50": 7.373746268248049,
    "SPX_pct_above_MA200": 11.167465867498505,
    "VIX": 16.18000030517578,
    "VIX_5d_chg": -4.8794821430794055,
    "VIX3M": 19.43000030517578,
    "VIX_VIX3M_ratio": 0.8327328899148673,
    "VIX9D": 13.760000228881836,
    "VIX9D_VIX_ratio": 0.8504326309858092,
    "VVIX": 91.5999984741211,
    "SKEW": 142.4600067138672,
    "HYG": 79.83999633789062,
    "HYG_5d_chg": -0.08760770993675449,
    "XLP_XLY_ratio": 0.6940519255845179,
    "XLP_XLY_20d_chg": -2.1796604289358146,
    "DXY": 99.06700134277344,
    "DXY_20d_chg": 0.6062761396054439,
    "TNX": 4.474999904632568,
    "TNX_5d_chg_bp": -8.300018310546875,
    "KRE": 68.30999755859375,
    "KRE_5d_chg": -1.528045475016948,
    "KRE_20d_chg": -2.1627071653258723,
    "IWM_SPX_ratio": 0.03802388597724674,
    "IWM_SPX_20d_chg": -1.5621368736144947,
    "SOXX": 571.9299926757812,
    "SOXX_20d_chg": 22.79763664536365,
    "NDX": 30513.859375,
    "RUT": 2905.760009765625
  },
  "backtest": {
    "PANIC_BUY": {
      "hit_rate_3m_up10": 55.6,
      "n": 293
    },
    "SHIFT_UP": {
      "hit_rate_3m_up10": 48.9,
      "n": 689
    },
    "CAUTION_UP": {
      "hit_rate_3m_up10": 31.1,
      "n": 753
    },
    "CAUTION_DOWN": {
      "hit_rate_3m_dn10": 31.8,
      "n": 877
    },
    "SHIFT_DOWN": {
      "hit_rate_3m_dn10": 42.8,
      "n": 334
    }
  }
}