{
  "timestamp": "2026-07-22T23:27:59.513731",
  "level": "NEUTRAL",
  "score": 0,
  "buy_score": 0,
  "sell_score": -1,
  "pillars": {
    "A_price_momentum": 0,
    "B_drawdown": 0,
    "C_credit_rotation": 0,
    "D_macro_stress": 1
  },
  "triggers_buy": [],
  "triggers_sell": [
    {
      "name": "SKEW > 145",
      "weight": 1,
      "pillar": "D"
    }
  ],
  "context_alerts": [],
  "indicators": {
    "SPX": 7498.9599609375,
    "SPX_5d_chg": -0.9698370708541071,
    "SPX_20d_chg": 1.8125140956303243,
    "SPX_pct_above_MA50": 0.36237357854229657,
    "SPX_pct_above_MA200": 7.144658096993273,
    "VIX": 16.639999389648438,
    "VIX_5d_chg": 6.1901678917151814,
    "VIX3M": 19.540000915527344,
    "VIX_VIX3M_ratio": 0.8515864181165704,
    "VIX9D": 14.880000114440918,
    "VIX9D_VIX_ratio": 0.8942308089084189,
    "VVIX": 95.55000305175781,
    "SKEW": 150.19000244140625,
    "HYG": 79.5199966430664,
    "HYG_5d_chg": -0.3633641453433589,
    "XLP_XLY_ratio": 0.7400456037335723,
    "XLP_XLY_20d_chg": 0.5585143742453669,
    "DXY": 101.14099884033203,
    "DXY_20d_chg": -0.26526458146441945,
    "TNX": 4.6570000648498535,
    "TNX_5d_chg_bp": 11.19999885559082,
    "KRE": 75.5999984741211,
    "KRE_5d_chg": -0.2375300977504824,
    "KRE_20d_chg": 3.3916789310500794,
    "IWM_SPX_ratio": 0.03917743394754611,
    "IWM_SPX_20d_chg": -2.2891053919935067,
    "SOXX": 555.52001953125,
    "SOXX_20d_chg": -7.93350800561039,
    "NDX": 28998.099609375,
    "RUT": 2959.938232421875
  },
  "backtest": {
    "PANIC_BUY": {
      "hit_rate_3m_up10": 55.6,
      "n": 293
    },
    "SHIFT_UP": {
      "hit_rate_3m_up10": 48.9,
      "n": 689
    },
    "CAUTION_UP": {
      "hit_rate_3m_up10": 31.1,
      "n": 753
    },
    "CAUTION_DOWN": {
      "hit_rate_3m_dn10": 31.8,
      "n": 877
    },
    "SHIFT_DOWN": {
      "hit_rate_3m_dn10": 42.8,
      "n": 334
    }
  }
}