{
  "timestamp": "2026-06-12T16:31:26.812304",
  "level": "CAUTION_DOWN",
  "score": -2,
  "buy_score": 0,
  "sell_score": -2,
  "pillars": {
    "A_price_momentum": 0,
    "B_drawdown": 0,
    "C_credit_rotation": 1,
    "D_macro_stress": 1
  },
  "triggers_buy": [],
  "triggers_sell": [
    {
      "name": "XLP/XLY 20d > +2%",
      "weight": 1,
      "pillar": "C"
    },
    {
      "name": "VIX 18-25 (elevated)",
      "weight": 1,
      "pillar": "D"
    }
  ],
  "context_alerts": [],
  "indicators": {
    "SPX": 7418.64013671875,
    "SPX_5d_chg": 0.4726588590058034,
    "SPX_20d_chg": -1.1011525437850778,
    "SPX_pct_above_MA50": 2.3609014092028424,
    "SPX_pct_above_MA200": 7.798819973259952,
    "VIX": 18.709999084472656,
    "VIX_5d_chg": -13.017206483566524,
    "VIX3M": 21.079999923706055,
    "VIX_VIX3M_ratio": 0.887571117276516,
    "VIX9D": 19.18000030517578,
    "VIX9D_VIX_ratio": 1.025120323019854,
    "VVIX": 97.93000030517578,
    "SKEW": 142.97999572753906,
    "HYG": 79.95500183105469,
    "HYG_5d_chg": 0.6609612537603171,
    "XLP_XLY_ratio": 0.7388104472307266,
    "XLP_XLY_20d_chg": 3.1709001608488885,
    "DXY": 99.75399780273438,
    "DXY_20d_chg": 0.8839002564658749,
    "TNX": 4.474999904632568,
    "TNX_5d_chg_bp": -6.099987030029297,
    "KRE": 73.20500183105469,
    "KRE_5d_chg": 4.325215535565685,
    "KRE_20d_chg": 8.06761756661951,
    "IWM_SPX_ratio": 0.03959081260746872,
    "IWM_SPX_20d_chg": 4.405056670060636,
    "SOXX": 597.5999755859375,
    "SOXX_20d_chg": 12.748324161689318,
    "NDX": 29573.46484375,
    "RUT": 2953.456787109375
  },
  "backtest": {
    "PANIC_BUY": {
      "hit_rate_3m_up10": 55.6,
      "n": 293
    },
    "SHIFT_UP": {
      "hit_rate_3m_up10": 48.9,
      "n": 689
    },
    "CAUTION_UP": {
      "hit_rate_3m_up10": 31.1,
      "n": 753
    },
    "CAUTION_DOWN": {
      "hit_rate_3m_dn10": 31.8,
      "n": 877
    },
    "SHIFT_DOWN": {
      "hit_rate_3m_dn10": 42.8,
      "n": 334
    }
  }
}