{
  "timestamp": "2026-07-08T15:41:52.602124",
  "level": "CAUTION_DOWN",
  "score": -2,
  "buy_score": 0,
  "sell_score": -2,
  "pillars": {
    "A_price_momentum": 0,
    "B_drawdown": 0,
    "C_credit_rotation": 1,
    "D_macro_stress": 1
  },
  "triggers_buy": [],
  "triggers_sell": [
    {
      "name": "XLP/XLY 20d > +2%",
      "weight": 1,
      "pillar": "C"
    },
    {
      "name": "VIX 18-25 (elevated)",
      "weight": 1,
      "pillar": "D"
    },
    {
      "name": "SKEW > 145",
      "weight": 1,
      "pillar": "D"
    }
  ],
  "context_alerts": [],
  "indicators": {
    "SPX": 7436.4501953125,
    "SPX_5d_chg": -0.8388671715404916,
    "SPX_20d_chg": 0.41481683675705927,
    "SPX_pct_above_MA50": 0.27478630241670743,
    "SPX_pct_above_MA200": 6.905417993798402,
    "VIX": 18.489999771118164,
    "VIX_5d_chg": 12.401209201003006,
    "VIX3M": 20.25,
    "VIX_VIX3M_ratio": 0.9130864084502797,
    "VIX9D": 17.110000610351562,
    "VIX9D_VIX_ratio": 0.9253651066604017,
    "VVIX": 95.25,
    "SKEW": 145.74000549316406,
    "HYG": 79.57499694824219,
    "HYG_5d_chg": -0.4939405607495173,
    "XLP_XLY_ratio": 0.7411220834923762,
    "XLP_XLY_20d_chg": 2.9470050270971493,
    "DXY": 101.23799896240234,
    "DXY_20d_chg": 1.187402173321228,
    "TNX": 4.595000267028809,
    "TNX_5d_chg_bp": 22.100019454956055,
    "KRE": 73.29000091552734,
    "KRE_5d_chg": -2.084165117428971,
    "KRE_20d_chg": 4.164298294142865,
    "IWM_SPX_ratio": 0.03913964188747755,
    "IWM_SPX_20d_chg": 2.0230313243754017,
    "SOXX": 550.3099975585938,
    "SOXX_20d_chg": -3.6993637583086936,
    "NDX": 28912.380859375,
    "RUT": 2932.052490234375
  },
  "backtest": {
    "PANIC_BUY": {
      "hit_rate_3m_up10": 55.6,
      "n": 293
    },
    "SHIFT_UP": {
      "hit_rate_3m_up10": 48.9,
      "n": 689
    },
    "CAUTION_UP": {
      "hit_rate_3m_up10": 31.1,
      "n": 753
    },
    "CAUTION_DOWN": {
      "hit_rate_3m_dn10": 31.8,
      "n": 877
    },
    "SHIFT_DOWN": {
      "hit_rate_3m_dn10": 42.8,
      "n": 334
    }
  }
}