{
  "timestamp": "2026-07-21T15:22:34.972598",
  "level": "CAUTION_DOWN",
  "score": -2,
  "buy_score": 0,
  "sell_score": -2,
  "pillars": {
    "A_price_momentum": 0,
    "B_drawdown": 0,
    "C_credit_rotation": 1,
    "D_macro_stress": 1
  },
  "triggers_buy": [],
  "triggers_sell": [
    {
      "name": "XLP/XLY 20d > +2%",
      "weight": 1,
      "pillar": "C"
    },
    {
      "name": "SKEW > 145",
      "weight": 1,
      "pillar": "D"
    }
  ],
  "context_alerts": [
    {
      "id": "soxx_20d",
      "level": "high",
      "title": "\ubc18\ub3c4\uccb4 \uc57d\uc138",
      "desc": "SOXX 20\uc77c -15.8% (\uc704\ud5d8\uc790\uc0b0 \uc120\ud589)",
      "backtest": "\ub2e8\ub3c5 -15% \uc801\uc911\ub960 28%"
    }
  ],
  "indicators": {
    "SPX": 7501.5400390625,
    "SPX_5d_chg": -0.5574243239422572,
    "SPX_20d_chg": 0.3847291286081189,
    "SPX_pct_above_MA50": 0.42585220136288626,
    "SPX_pct_above_MA200": 7.242144008126794,
    "VIX": 17.40999984741211,
    "VIX_5d_chg": 5.515150590376416,
    "VIX3M": 19.700000762939453,
    "VIX_VIX3M_ratio": 0.883756303206069,
    "VIX9D": 16.170000076293945,
    "VIX9D_VIX_ratio": 0.9287765777147619,
    "VVIX": 98.26000213623047,
    "SKEW": 146.0500030517578,
    "HYG": 79.65499877929688,
    "HYG_5d_chg": -0.03137741689652751,
    "XLP_XLY_ratio": 0.7321677004111418,
    "XLP_XLY_20d_chg": 2.4036954980094283,
    "DXY": 101.13600158691406,
    "DXY_20d_chg": 0.11483364452835598,
    "TNX": 4.624000072479248,
    "TNX_5d_chg_bp": 3.900003433227539,
    "KRE": 75.46499633789062,
    "KRE_5d_chg": 0.6199951171875107,
    "KRE_20d_chg": 4.827057337460983,
    "IWM_SPX_ratio": 0.03935858483225515,
    "IWM_SPX_20d_chg": -1.3621141892389832,
    "SOXX": 551.3900146484375,
    "SOXX_20d_chg": -15.819604826232304,
    "NDX": 29121.517578125,
    "RUT": 2966.28173828125
  },
  "backtest": {
    "PANIC_BUY": {
      "hit_rate_3m_up10": 55.6,
      "n": 293
    },
    "SHIFT_UP": {
      "hit_rate_3m_up10": 48.9,
      "n": 689
    },
    "CAUTION_UP": {
      "hit_rate_3m_up10": 31.1,
      "n": 753
    },
    "CAUTION_DOWN": {
      "hit_rate_3m_dn10": 31.8,
      "n": 877
    },
    "SHIFT_DOWN": {
      "hit_rate_3m_dn10": 42.8,
      "n": 334
    }
  }
}