{
  "timestamp": "2026-07-10T16:27:30.590620",
  "level": "NEUTRAL",
  "score": 0,
  "buy_score": 0,
  "sell_score": 0,
  "pillars": {
    "A_price_momentum": 0,
    "B_drawdown": 0,
    "C_credit_rotation": 0,
    "D_macro_stress": 0
  },
  "triggers_buy": [],
  "triggers_sell": [],
  "context_alerts": [],
  "indicators": {
    "SPX": 7559.2998046875,
    "SPX_5d_chg": 1.0163988851128014,
    "SPX_20d_chg": 4.022429656362947,
    "SPX_pct_above_MA50": 1.7018907563886465,
    "SPX_pct_above_MA200": 8.531761287870165,
    "VIX": 15.40999984741211,
    "VIX_5d_chg": -4.5820420346580075,
    "VIX3M": 18.81999969482422,
    "VIX_VIX3M_ratio": 0.8188097820028174,
    "VIX9D": 12.010000228881836,
    "VIX9D_VIX_ratio": 0.7793640718886019,
    "VVIX": 87.63999938964844,
    "SKEW": 144.6699981689453,
    "HYG": 79.7300033569336,
    "HYG_5d_chg": 0.025096315005268544,
    "XLP_XLY_ratio": 0.7128582324926185,
    "XLP_XLY_20d_chg": -5.3663805072523,
    "DXY": 100.74099731445312,
    "DXY_20d_chg": 0.7913960884066373,
    "TNX": 4.552999973297119,
    "TNX_5d_chg_bp": 7.800006866455078,
    "KRE": 74.66500091552734,
    "KRE_5d_chg": -0.4732014708399346,
    "KRE_20d_chg": 4.222503561768587,
    "IWM_SPX_ratio": 0.03904197644070199,
    "IWM_SPX_20d_chg": 0.5912688546313882,
    "SOXX": 582.0399780273438,
    "SOXX_20d_chg": 7.484620326641944,
    "NDX": 29807.3046875,
    "RUT": 2970.87353515625
  },
  "backtest": {
    "PANIC_BUY": {
      "hit_rate_3m_up10": 55.6,
      "n": 293
    },
    "SHIFT_UP": {
      "hit_rate_3m_up10": 48.9,
      "n": 689
    },
    "CAUTION_UP": {
      "hit_rate_3m_up10": 31.1,
      "n": 753
    },
    "CAUTION_DOWN": {
      "hit_rate_3m_dn10": 31.8,
      "n": 877
    },
    "SHIFT_DOWN": {
      "hit_rate_3m_dn10": 42.8,
      "n": 334
    }
  }
}