{
  "timestamp": "2026-06-04T10:50:14.461638",
  "level": "NEUTRAL",
  "score": 0,
  "buy_score": 0,
  "sell_score": 0,
  "pillars": {
    "A_price_momentum": 0,
    "B_drawdown": 0,
    "C_credit_rotation": 0,
    "D_macro_stress": 0
  },
  "triggers_buy": [],
  "triggers_sell": [],
  "context_alerts": [],
  "indicators": {
    "SPX": 7553.68017578125,
    "SPX_5d_chg": 0.44306805931839666,
    "SPX_20d_chg": 4.056358013983163,
    "SPX_pct_above_MA50": 6.097531148678281,
    "SPX_pct_above_MA200": 10.309384893647234,
    "VIX": 16.600000381469727,
    "VIX_5d_chg": 5.463790488292153,
    "VIX3M": 19.760000228881836,
    "VIX_VIX3M_ratio": 0.8400809812343345,
    "VIX9D": 13.40999984741211,
    "VIX9D_VIX_ratio": 0.807831297545116,
    "VVIX": 89.80000305175781,
    "SKEW": 136.86000061035156,
    "HYG": 79.68000030517578,
    "HYG_5d_chg": -0.5615836311825051,
    "XLP_XLY_ratio": 0.7038464944688035,
    "XLP_XLY_20d_chg": -1.1382847956806774,
    "DXY": 99.29100036621094,
    "DXY_20d_chg": 1.296677990892836,
    "TNX": 4.491000175476074,
    "TNX_5d_chg_bp": 1.0000228881835938,
    "KRE": 67.87999725341797,
    "KRE_5d_chg": -2.443237328111103,
    "KRE_20d_chg": -2.917621523098668,
    "IWM_SPX_ratio": 0.03808342512965631,
    "IWM_SPX_20d_chg": -2.1602590811314104,
    "SOXX": 615.6799926757812,
    "SOXX_20d_chg": 27.54127124141419,
    "NDX": 30571.240234375,
    "RUT": 2893.510009765625
  },
  "backtest": {
    "PANIC_BUY": {
      "hit_rate_3m_up10": 55.6,
      "n": 293
    },
    "SHIFT_UP": {
      "hit_rate_3m_up10": 48.9,
      "n": 689
    },
    "CAUTION_UP": {
      "hit_rate_3m_up10": 31.1,
      "n": 753
    },
    "CAUTION_DOWN": {
      "hit_rate_3m_dn10": 31.8,
      "n": 877
    },
    "SHIFT_DOWN": {
      "hit_rate_3m_dn10": 42.8,
      "n": 334
    }
  }
}