{
  "timestamp": "2026-06-13T00:21:54.657451",
  "level": "NEUTRAL",
  "score": 0,
  "buy_score": 0,
  "sell_score": -1,
  "pillars": {
    "A_price_momentum": 0,
    "B_drawdown": 0,
    "C_credit_rotation": 1,
    "D_macro_stress": 0
  },
  "triggers_buy": [],
  "triggers_sell": [
    {
      "name": "XLP/XLY 20d > +2%",
      "weight": 1,
      "pillar": "C"
    }
  ],
  "context_alerts": [],
  "indicators": {
    "SPX": 7431.4599609375,
    "SPX_5d_chg": 0.6462812212751023,
    "SPX_20d_chg": -0.9302498154602046,
    "SPX_pct_above_MA50": 2.5341594018381874,
    "SPX_pct_above_MA200": 7.984096574123067,
    "VIX": 17.68000030517578,
    "VIX_5d_chg": -17.80567123641147,
    "VIX3M": 20.510000228881836,
    "VIX_VIX3M_ratio": 0.8620185328071865,
    "VIX9D": 17.260000228881836,
    "VIX9D_VIX_ratio": 0.9762443399861825,
    "VVIX": 93.81999969482422,
    "SKEW": 142.60000610351562,
    "HYG": 79.94000244140625,
    "HYG_5d_chg": 0.6420774698111531,
    "XLP_XLY_ratio": 0.7360205902049958,
    "XLP_XLY_20d_chg": 2.781311651721019,
    "DXY": 99.80699920654297,
    "DXY_20d_chg": 0.9375020012887036,
    "TNX": 4.486999988555908,
    "TNX_5d_chg_bp": -4.8999786376953125,
    "KRE": 73.41000366210938,
    "KRE_5d_chg": 4.617365794086581,
    "KRE_20d_chg": 8.370247973350509,
    "IWM_SPX_ratio": 0.039420250360882626,
    "IWM_SPX_20d_chg": 3.9552664321801823,
    "SOXX": 596.25,
    "SOXX_20d_chg": 12.493626217927844,
    "NDX": 29635.947265625,
    "RUT": 2943.9921875
  },
  "backtest": {
    "PANIC_BUY": {
      "hit_rate_3m_up10": 55.6,
      "n": 293
    },
    "SHIFT_UP": {
      "hit_rate_3m_up10": 48.9,
      "n": 689
    },
    "CAUTION_UP": {
      "hit_rate_3m_up10": 31.1,
      "n": 753
    },
    "CAUTION_DOWN": {
      "hit_rate_3m_dn10": 31.8,
      "n": 877
    },
    "SHIFT_DOWN": {
      "hit_rate_3m_dn10": 42.8,
      "n": 334
    }
  }
}