{
  "timestamp": "2026-06-25T16:02:27.266356",
  "level": "CAUTION_DOWN",
  "score": -4,
  "buy_score": 0,
  "sell_score": -4,
  "pillars": {
    "A_price_momentum": 0,
    "B_drawdown": 0,
    "C_credit_rotation": 3,
    "D_macro_stress": 1
  },
  "triggers_buy": [],
  "triggers_sell": [
    {
      "name": "XLP/XLY 20d > +4% (defensive rotation)",
      "weight": 3,
      "pillar": "C"
    },
    {
      "name": "VIX 18-25 (elevated)",
      "weight": 1,
      "pillar": "D"
    },
    {
      "name": "SKEW > 145",
      "weight": 1,
      "pillar": "D"
    }
  ],
  "context_alerts": [],
  "indicators": {
    "SPX": 7367.52978515625,
    "SPX_5d_chg": -0.7084852199851777,
    "SPX_20d_chg": -2.0322176186169605,
    "SPX_pct_above_MA50": 0.14300603759804797,
    "SPX_pct_above_MA200": 6.454637299986876,
    "VIX": 18.75,
    "VIX_5d_chg": 1.6811250377668507,
    "VIX3M": 20.360000610351562,
    "VIX_VIX3M_ratio": 0.9209233515674359,
    "VIX9D": 18.049999237060547,
    "VIX9D_VIX_ratio": 0.9626666259765625,
    "VVIX": 94.56999969482422,
    "SKEW": 145.3000030517578,
    "HYG": 79.8949966430664,
    "HYG_5d_chg": 0.20694002155521307,
    "XLP_XLY_ratio": 0.7372480619766284,
    "XLP_XLY_20d_chg": 5.9499908289896375,
    "DXY": 101.37000274658203,
    "DXY_20d_chg": 2.1772035904064735,
    "TNX": 4.381999969482422,
    "TNX_5d_chg_bp": -10.500001907348633,
    "KRE": 74.51000213623047,
    "KRE_5d_chg": 4.722418184530119,
    "KRE_20d_chg": 7.0853696111508935,
    "IWM_SPX_ratio": 0.04046675389750251,
    "IWM_SPX_20d_chg": 4.805784662853574,
    "SOXX": 619.030029296875,
    "SOXX_20d_chg": 9.760993427882013,
    "NDX": 29365.125,
    "RUT": 3009.804443359375
  },
  "backtest": {
    "PANIC_BUY": {
      "hit_rate_3m_up10": 55.6,
      "n": 293
    },
    "SHIFT_UP": {
      "hit_rate_3m_up10": 48.9,
      "n": 689
    },
    "CAUTION_UP": {
      "hit_rate_3m_up10": 31.1,
      "n": 753
    },
    "CAUTION_DOWN": {
      "hit_rate_3m_dn10": 31.8,
      "n": 877
    },
    "SHIFT_DOWN": {
      "hit_rate_3m_dn10": 42.8,
      "n": 334
    }
  }
}