{
  "timestamp": "2026-07-06T16:53:54.868576",
  "level": "NEUTRAL",
  "score": 0,
  "buy_score": 0,
  "sell_score": -1,
  "pillars": {
    "A_price_momentum": 0,
    "B_drawdown": 0,
    "C_credit_rotation": 0,
    "D_macro_stress": 1
  },
  "triggers_buy": [],
  "triggers_sell": [
    {
      "name": "SKEW > 145",
      "weight": 1,
      "pillar": "D"
    }
  ],
  "context_alerts": [],
  "indicators": {
    "SPX": 7535.75,
    "SPX_5d_chg": 2.47116515845891,
    "SPX_20d_chg": -0.6402699549278967,
    "SPX_pct_above_MA50": 1.7972919484153582,
    "SPX_pct_above_MA200": 8.466232888396297,
    "VIX": 15.930000305175781,
    "VIX_5d_chg": -13.47093733183784,
    "VIX3M": 18.93000030517578,
    "VIX_VIX3M_ratio": 0.8415213971666049,
    "VIX9D": 13.15999984741211,
    "VIX9D_VIX_ratio": 0.826114224438296,
    "VVIX": 88.44999694824219,
    "SKEW": 150.02000427246094,
    "HYG": 79.82499694824219,
    "HYG_5d_chg": -0.0062694259021722765,
    "XLP_XLY_ratio": 0.7102323914359452,
    "XLP_XLY_20d_chg": 1.5137138074271084,
    "DXY": 100.99500274658203,
    "DXY_20d_chg": 1.594406021611272,
    "TNX": 4.484999656677246,
    "TNX_5d_chg_bp": 11.299943923950195,
    "KRE": 75.29499816894531,
    "KRE_5d_chg": 0.16628974729926416,
    "KRE_20d_chg": 7.595019372752154,
    "IWM_SPX_ratio": 0.039814882879887124,
    "IWM_SPX_20d_chg": 3.4102964312859863,
    "SOXX": 587.760009765625,
    "SOXX_20d_chg": -2.4820748713615615,
    "NDX": 29764.8125,
    "RUT": 3021.962158203125
  },
  "backtest": {
    "PANIC_BUY": {
      "hit_rate_3m_up10": 55.6,
      "n": 293
    },
    "SHIFT_UP": {
      "hit_rate_3m_up10": 48.9,
      "n": 689
    },
    "CAUTION_UP": {
      "hit_rate_3m_up10": 31.1,
      "n": 753
    },
    "CAUTION_DOWN": {
      "hit_rate_3m_dn10": 31.8,
      "n": 877
    },
    "SHIFT_DOWN": {
      "hit_rate_3m_dn10": 42.8,
      "n": 334
    }
  }
}