{
  "timestamp": "2026-07-14T23:55:14.410695",
  "level": "NEUTRAL",
  "score": 0,
  "buy_score": 0,
  "sell_score": -1,
  "pillars": {
    "A_price_momentum": 0,
    "B_drawdown": 0,
    "C_credit_rotation": 0,
    "D_macro_stress": 1
  },
  "triggers_buy": [],
  "triggers_sell": [
    {
      "name": "SKEW > 145",
      "weight": 1,
      "pillar": "D"
    }
  ],
  "context_alerts": [],
  "indicators": {
    "SPX": 7543.58984375,
    "SPX_5d_chg": 0.5295914174266558,
    "SPX_20d_chg": 1.5088540260177252,
    "SPX_pct_above_MA50": 1.2915509473087283,
    "SPX_pct_above_MA200": 8.167979469651865,
    "VIX": 16.5,
    "VIX_5d_chg": 2.2938676905412514,
    "VIX3M": 19.299999237060547,
    "VIX_VIX3M_ratio": 0.8549223135882882,
    "VIX9D": 13.460000038146973,
    "VIX9D_VIX_ratio": 0.8157575780695135,
    "VVIX": 93.52999877929688,
    "SKEW": 145.1300048828125,
    "HYG": 79.68000030517578,
    "HYG_5d_chg": -0.10030319572715829,
    "XLP_XLY_ratio": 0.719758387149967,
    "XLP_XLY_20d_chg": -2.2094766466383087,
    "DXY": 100.89399719238281,
    "DXY_20d_chg": 1.1468643532659861,
    "TNX": 4.585000038146973,
    "TNX_5d_chg_bp": 5.60002326965332,
    "KRE": 75.0,
    "KRE_5d_chg": -0.09324589730755894,
    "KRE_20d_chg": 2.165912353320465,
    "IWM_SPX_ratio": 0.039041095269731804,
    "IWM_SPX_20d_chg": -0.9618282169183368,
    "SOXX": 567.9199829101562,
    "SOXX_20d_chg": -4.751365549659326,
    "NDX": 29586.287109375,
    "RUT": 2964.763916015625
  },
  "backtest": {
    "PANIC_BUY": {
      "hit_rate_3m_up10": 55.6,
      "n": 293
    },
    "SHIFT_UP": {
      "hit_rate_3m_up10": 48.9,
      "n": 689
    },
    "CAUTION_UP": {
      "hit_rate_3m_up10": 31.1,
      "n": 753
    },
    "CAUTION_DOWN": {
      "hit_rate_3m_dn10": 31.8,
      "n": 877
    },
    "SHIFT_DOWN": {
      "hit_rate_3m_dn10": 42.8,
      "n": 334
    }
  }
}