{
  "timestamp": "2026-06-11T17:38:49.436357",
  "level": "CAUTION_UP",
  "score": 2,
  "buy_score": 2,
  "sell_score": -4,
  "pillars": {
    "A_price_momentum": 0,
    "B_drawdown": 0,
    "C_credit_rotation": 3,
    "D_macro_stress": 1
  },
  "triggers_buy": [
    {
      "name": "SPX 5d -3~-5%",
      "weight": 2
    }
  ],
  "triggers_sell": [
    {
      "name": "XLP/XLY 20d > +4% (defensive rotation)",
      "weight": 3,
      "pillar": "C"
    },
    {
      "name": "VIX 18-25 (elevated)",
      "weight": 1,
      "pillar": "D"
    }
  ],
  "context_alerts": [],
  "indicators": {
    "SPX": 7350.72021484375,
    "SPX_5d_chg": -3.0799089428750426,
    "SPX_20d_chg": -1.2564030648654967,
    "SPX_pct_above_MA50": 1.6725949360508308,
    "SPX_pct_above_MA200": 6.889259215309562,
    "VIX": 21.690000534057617,
    "VIX_5d_chg": 40.844162800879616,
    "VIX3M": 22.809999465942383,
    "VIX_VIX3M_ratio": 0.950898774304794,
    "VIX9D": 23.43000030517578,
    "VIX9D_VIX_ratio": 1.0802212876106674,
    "VVIX": 108.91999816894531,
    "SKEW": 143.0800018310547,
    "HYG": 79.75499725341797,
    "HYG_5d_chg": -0.09395537506744489,
    "XLP_XLY_ratio": 0.7440527584752153,
    "XLP_XLY_20d_chg": 4.265749671470531,
    "DXY": 100.2959976196289,
    "DXY_20d_chg": 1.84402335580085,
    "TNX": 4.5279998779296875,
    "TNX_5d_chg_bp": 5.099964141845703,
    "KRE": 72.16999816894531,
    "KRE_5d_chg": 3.1294579979392667,
    "KRE_20d_chg": 7.491806412009572,
    "IWM_SPX_ratio": 0.03925193591189214,
    "IWM_SPX_20d_chg": 3.3718505789809727,
    "SOXX": 571.7100219726562,
    "SOXX_20d_chg": 8.218979301376251,
    "NDX": 29120.76953125,
    "RUT": 2859.648193359375
  },
  "backtest": {
    "PANIC_BUY": {
      "hit_rate_3m_up10": 55.6,
      "n": 293
    },
    "SHIFT_UP": {
      "hit_rate_3m_up10": 48.9,
      "n": 689
    },
    "CAUTION_UP": {
      "hit_rate_3m_up10": 31.1,
      "n": 753
    },
    "CAUTION_DOWN": {
      "hit_rate_3m_dn10": 31.8,
      "n": 877
    },
    "SHIFT_DOWN": {
      "hit_rate_3m_dn10": 42.8,
      "n": 334
    }
  }
}