{
  "timestamp": "2026-06-30T23:42:00.505497",
  "level": "CAUTION_DOWN",
  "score": -2,
  "buy_score": 0,
  "sell_score": -2,
  "pillars": {
    "A_price_momentum": 0,
    "B_drawdown": 0,
    "C_credit_rotation": 1,
    "D_macro_stress": 1
  },
  "triggers_buy": [],
  "triggers_sell": [
    {
      "name": "XLP/XLY 20d > +2%",
      "weight": 1,
      "pillar": "C"
    },
    {
      "name": "SKEW > 145",
      "weight": 1,
      "pillar": "D"
    }
  ],
  "context_alerts": [],
  "indicators": {
    "SPX": 7499.35986328125,
    "SPX_5d_chg": 1.8179435236072683,
    "SPX_20d_chg": -1.32369246908296,
    "SPX_pct_above_MA50": 1.6327879192863826,
    "SPX_pct_above_MA200": 8.152283538021287,
    "VIX": 16.450000762939453,
    "VIX_5d_chg": -15.597737526316568,
    "VIX3M": 19.0,
    "VIX_VIX3M_ratio": 0.8657895138389186,
    "VIX9D": 13.729999542236328,
    "VIX9D_VIX_ratio": 0.8346503893889736,
    "VVIX": 86.87000274658203,
    "SKEW": 149.60000610351562,
    "HYG": 79.97000122070312,
    "HYG_5d_chg": 0.1252015408568008,
    "XLP_XLY_ratio": 0.708304916093573,
    "XLP_XLY_20d_chg": 2.0535913789233584,
    "DXY": 101.1719970703125,
    "DXY_20d_chg": 1.987903410016445,
    "TNX": 4.418000221252441,
    "TNX_5d_chg_bp": -9.099960327148438,
    "KRE": 74.8499984741211,
    "KRE_5d_chg": 2.3659678098411074,
    "KRE_20d_chg": 9.574002560778272,
    "IWM_SPX_ratio": 0.04006342110319442,
    "IWM_SPX_20d_chg": 5.363826114900827,
    "SOXX": 640.760009765625,
    "SOXX_20d_chg": 12.034692702129801,
    "NDX": 30276.34765625,
    "RUT": 3024.3671875
  },
  "backtest": {
    "PANIC_BUY": {
      "hit_rate_3m_up10": 55.6,
      "n": 293
    },
    "SHIFT_UP": {
      "hit_rate_3m_up10": 48.9,
      "n": 689
    },
    "CAUTION_UP": {
      "hit_rate_3m_up10": 31.1,
      "n": 753
    },
    "CAUTION_DOWN": {
      "hit_rate_3m_dn10": 31.8,
      "n": 877
    },
    "SHIFT_DOWN": {
      "hit_rate_3m_dn10": 42.8,
      "n": 334
    }
  }
}