{
  "timestamp": "2026-06-05T11:40:23.864783",
  "level": "NEUTRAL",
  "score": 0,
  "buy_score": 0,
  "sell_score": 0,
  "pillars": {
    "A_price_momentum": 0,
    "B_drawdown": 0,
    "C_credit_rotation": 0,
    "D_macro_stress": 0
  },
  "triggers_buy": [],
  "triggers_sell": [],
  "context_alerts": [],
  "indicators": {
    "SPX": 7584.31005859375,
    "SPX_5d_chg": 0.27341601984312014,
    "SPX_20d_chg": 2.976053858167771,
    "SPX_pct_above_MA50": 6.221023513810886,
    "SPX_pct_above_MA200": 10.664959487167703,
    "VIX": 15.680000305175781,
    "VIX_5d_chg": 2.3498734825248446,
    "VIX3M": 19.229999542236328,
    "VIX_VIX3M_ratio": 0.8153926509845509,
    "VIX9D": 12.649999618530273,
    "VIX9D_VIX_ratio": 0.806760164051442,
    "VVIX": 89.80000305175781,
    "SKEW": 142.14999389648438,
    "HYG": 79.83000183105469,
    "HYG_5d_chg": -0.4985685019846642,
    "XLP_XLY_ratio": 0.699641816654709,
    "XLP_XLY_20d_chg": -0.4438881638513581,
    "DXY": 99.20600128173828,
    "DXY_20d_chg": 0.9730292943901153,
    "TNX": 4.4770002365112305,
    "TNX_5d_chg_bp": 2.200031280517578,
    "KRE": 69.9800033569336,
    "KRE_5d_chg": 0.6182606560862114,
    "KRE_20d_chg": -1.032379772296399,
    "IWM_SPX_ratio": 0.03850185547659008,
    "IWM_SPX_20d_chg": -1.1259405895165053,
    "SOXX": 602.719970703125,
    "SOXX_20d_chg": 18.910169571938695,
    "NDX": 30407.810546875,
    "RUT": 2935.330078125
  },
  "backtest": {
    "PANIC_BUY": {
      "hit_rate_3m_up10": 55.6,
      "n": 293
    },
    "SHIFT_UP": {
      "hit_rate_3m_up10": 48.9,
      "n": 689
    },
    "CAUTION_UP": {
      "hit_rate_3m_up10": 31.1,
      "n": 753
    },
    "CAUTION_DOWN": {
      "hit_rate_3m_dn10": 31.8,
      "n": 877
    },
    "SHIFT_DOWN": {
      "hit_rate_3m_dn10": 42.8,
      "n": 334
    }
  }
}