{
  "timestamp": "2026-07-10T23:26:15.814383",
  "level": "NEUTRAL",
  "score": 0,
  "buy_score": 0,
  "sell_score": 0,
  "pillars": {
    "A_price_momentum": 0,
    "B_drawdown": 0,
    "C_credit_rotation": 0,
    "D_macro_stress": 0
  },
  "triggers_buy": [],
  "triggers_sell": [],
  "context_alerts": [],
  "indicators": {
    "SPX": 7575.39013671875,
    "SPX_5d_chg": 1.231417132921253,
    "SPX_20d_chg": 4.243846384778771,
    "SPX_pct_above_MA50": 1.913955693894187,
    "SPX_pct_above_MA200": 8.761520067405737,
    "VIX": 15.029999732971191,
    "VIX_5d_chg": -6.934983975318554,
    "VIX3M": 18.56999969482422,
    "VIX_VIX3M_ratio": 0.8093699504561819,
    "VIX9D": 11.149999618530273,
    "VIX9D_VIX_ratio": 0.741849621864637,
    "VVIX": 87.27999877929688,
    "SKEW": 144.27000427246094,
    "HYG": 79.70999908447266,
    "HYG_5d_chg": 0.0,
    "XLP_XLY_ratio": 0.7175025953542556,
    "XLP_XLY_20d_chg": -4.749830332475479,
    "DXY": 100.96499633789062,
    "DXY_20d_chg": 1.01550717422636,
    "TNX": 4.568999767303467,
    "TNX_5d_chg_bp": 9.399986267089844,
    "KRE": 75.0199966430664,
    "KRE_5d_chg": 0.0,
    "KRE_20d_chg": 4.71803082386173,
    "IWM_SPX_ratio": 0.03907257380708076,
    "IWM_SPX_20d_chg": 0.6701026685989042,
    "SOXX": 581.3400268554688,
    "SOXX_20d_chg": 7.355361188444665,
    "NDX": 29825.109375,
    "RUT": 2977.80517578125
  },
  "backtest": {
    "PANIC_BUY": {
      "hit_rate_3m_up10": 55.6,
      "n": 293
    },
    "SHIFT_UP": {
      "hit_rate_3m_up10": 48.9,
      "n": 689
    },
    "CAUTION_UP": {
      "hit_rate_3m_up10": 31.1,
      "n": 753
    },
    "CAUTION_DOWN": {
      "hit_rate_3m_dn10": 31.8,
      "n": 877
    },
    "SHIFT_DOWN": {
      "hit_rate_3m_dn10": 42.8,
      "n": 334
    }
  }
}