{
  "timestamp": "2026-07-02T15:41:23.948999",
  "level": "NEUTRAL",
  "score": 0,
  "buy_score": 0,
  "sell_score": -1,
  "pillars": {
    "A_price_momentum": 0,
    "B_drawdown": 0,
    "C_credit_rotation": 0,
    "D_macro_stress": 1
  },
  "triggers_buy": [],
  "triggers_sell": [
    {
      "name": "SKEW > 145",
      "weight": 1,
      "pillar": "D"
    }
  ],
  "context_alerts": [],
  "indicators": {
    "SPX": 7490.52978515625,
    "SPX_5d_chg": 1.8082191962644378,
    "SPX_20d_chg": -0.8360215041599672,
    "SPX_pct_above_MA50": 1.2933140597498616,
    "SPX_pct_above_MA200": 7.886917591212206,
    "VIX": 16.649999618530273,
    "VIX_5d_chg": -11.858125164078437,
    "VIX3M": 19.219999313354492,
    "VIX_VIX3M_ratio": 0.8662851307680056,
    "VIX9D": 13.539999961853027,
    "VIX9D_VIX_ratio": 0.813213229553709,
    "VVIX": 91.22000122070312,
    "SKEW": 154.82000732421875,
    "HYG": 79.77999877929688,
    "HYG_5d_chg": -0.12518587576292317,
    "XLP_XLY_ratio": 0.7176730466814679,
    "XLP_XLY_20d_chg": 1.96442723254584,
    "DXY": 100.75499725341797,
    "DXY_20d_chg": 1.2307831700445027,
    "TNX": 4.456999778747559,
    "TNX_5d_chg_bp": -5.200004577636719,
    "KRE": 75.1449966430664,
    "KRE_5d_chg": 0.5015380725375218,
    "KRE_20d_chg": 10.702710199774824,
    "IWM_SPX_ratio": 0.03983696780537665,
    "IWM_SPX_20d_chg": 4.60447732773599,
    "SOXX": 579.1900024414062,
    "SOXX_20d_chg": -5.926778629883255,
    "NDX": 29544.900390625,
    "RUT": 2996.297607421875
  },
  "backtest": {
    "PANIC_BUY": {
      "hit_rate_3m_up10": 55.6,
      "n": 293
    },
    "SHIFT_UP": {
      "hit_rate_3m_up10": 48.9,
      "n": 689
    },
    "CAUTION_UP": {
      "hit_rate_3m_up10": 31.1,
      "n": 753
    },
    "CAUTION_DOWN": {
      "hit_rate_3m_dn10": 31.8,
      "n": 877
    },
    "SHIFT_DOWN": {
      "hit_rate_3m_dn10": 42.8,
      "n": 334
    }
  }
}