{
  "timestamp": "2026-05-29T21:17:31.987089",
  "level": "NEUTRAL",
  "score": 0,
  "buy_score": 0,
  "sell_score": 0,
  "pillars": {
    "A_price_momentum": 0,
    "B_drawdown": 0,
    "C_credit_rotation": 0,
    "D_macro_stress": 0
  },
  "triggers_buy": [],
  "triggers_sell": [],
  "context_alerts": [],
  "indicators": {
    "SPX": 7580.06005859375,
    "SPX_5d_chg": 1.8042558661038655,
    "SPX_20d_chg": 5.147035515724263,
    "SPX_pct_above_MA50": 7.394071794367174,
    "SPX_pct_above_MA200": 10.968366276649988,
    "VIX": 15.319999694824219,
    "VIX_5d_chg": -8.263479072274805,
    "VIX3M": 18.65999984741211,
    "VIX_VIX3M_ratio": 0.8210074930385863,
    "VIX9D": 12.59000015258789,
    "VIX9D_VIX_ratio": 0.8218015929100414,
    "VVIX": 86.05999755859375,
    "SKEW": 144.17999267578125,
    "HYG": 80.30999755859375,
    "HYG_5d_chg": 0.513136451670837,
    "XLP_XLY_ratio": 0.6859435904534544,
    "XLP_XLY_20d_chg": -3.7107991527576267,
    "DXY": 98.94200134277344,
    "DXY_20d_chg": 0.8788738740070245,
    "TNX": 4.453000068664551,
    "TNX_5d_chg_bp": -13.299989700317383,
    "KRE": 69.61000061035156,
    "KRE_5d_chg": 0.5779533754807442,
    "KRE_20d_chg": -0.3435903636539783,
    "IWM_SPX_ratio": 0.038314998882695094,
    "IWM_SPX_20d_chg": -0.6320106837889972,
    "SOXX": 569.0800170898438,
    "SOXX_20d_chg": 23.3269794727226,
    "NDX": 30333.1796875,
    "RUT": 2919.33837890625
  },
  "backtest": {
    "PANIC_BUY": {
      "hit_rate_3m_up10": 55.6,
      "n": 293
    },
    "SHIFT_UP": {
      "hit_rate_3m_up10": 48.9,
      "n": 689
    },
    "CAUTION_UP": {
      "hit_rate_3m_up10": 31.1,
      "n": 753
    },
    "CAUTION_DOWN": {
      "hit_rate_3m_dn10": 31.8,
      "n": 877
    },
    "SHIFT_DOWN": {
      "hit_rate_3m_dn10": 42.8,
      "n": 334
    }
  }
}