{
  "timestamp": "2026-07-02T00:11:49.528764",
  "level": "NEUTRAL",
  "score": 0,
  "buy_score": 0,
  "sell_score": -1,
  "pillars": {
    "A_price_momentum": 0,
    "B_drawdown": 0,
    "C_credit_rotation": 0,
    "D_macro_stress": 1
  },
  "triggers_buy": [],
  "triggers_sell": [
    {
      "name": "SKEW > 145",
      "weight": 1,
      "pillar": "D"
    }
  ],
  "context_alerts": [],
  "indicators": {
    "SPX": 7483.22998046875,
    "SPX_5d_chg": 1.698913079182085,
    "SPX_20d_chg": -1.6629890517245949,
    "SPX_pct_above_MA50": 1.3114680697081438,
    "SPX_pct_above_MA200": 7.8497571421394685,
    "VIX": 16.59000015258789,
    "VIX_5d_chg": -10.950075684784776,
    "VIX3M": 19.15999984741211,
    "VIX_VIX3M_ratio": 0.8658664031685083,
    "VIX9D": 13.140000343322754,
    "VIX9D_VIX_ratio": 0.7920434130480121,
    "VVIX": 89.04000091552734,
    "SKEW": 154.82000732421875,
    "HYG": 79.58999633789062,
    "HYG_5d_chg": -0.3256132012510071,
    "XLP_XLY_ratio": 0.7053942385891157,
    "XLP_XLY_20d_chg": 1.3653966472044532,
    "DXY": 101.41300201416016,
    "DXY_20d_chg": 2.21024064349582,
    "TNX": 4.474999904632568,
    "TNX_5d_chg_bp": -3.399991989135742,
    "KRE": 76.18000030517578,
    "KRE_5d_chg": 2.9876964282841145,
    "KRE_20d_chg": 9.548460313818907,
    "IWM_SPX_ratio": 0.03999877166750785,
    "IWM_SPX_20d_chg": 4.361873498126512,
    "SOXX": 599.7000122070312,
    "SOXX_20d_chg": -0.8793109570722213,
    "NDX": 29809.1328125,
    "RUT": 3012.589599609375
  },
  "backtest": {
    "PANIC_BUY": {
      "hit_rate_3m_up10": 55.6,
      "n": 293
    },
    "SHIFT_UP": {
      "hit_rate_3m_up10": 48.9,
      "n": 689
    },
    "CAUTION_UP": {
      "hit_rate_3m_up10": 31.1,
      "n": 753
    },
    "CAUTION_DOWN": {
      "hit_rate_3m_dn10": 31.8,
      "n": 877
    },
    "SHIFT_DOWN": {
      "hit_rate_3m_dn10": 42.8,
      "n": 334
    }
  }
}